Module Code,Workload
ABM5001,10
ABM5002,4
ABM5004,20
ABM5101,9
ABM5102,9
ABM5105,10
ABM5106,10
ABM5107,9
AC5001,10
AC5002,10
AC5004,10
AC5007,10
AC5009,20
AC5010,10
AC5011,10
AC5012,10
AC5014,10
AC5015,10
ACC1701,10
ACC1701X,10
ACC2706,10
ACC2707,10
ACC2708,10
ACC2709,10
ACC3701,12
ACC3702,12
ACC3703,12
ACC3704,12
ACC3705,12
ACC3706,10
ACC3707,10
ACC4619,10
ACC4629,5
ACC4711,12
ACC4712,10
ACC4713,10
ACC4751,12
ACC4752,10
ACC4761A,10
ACC4761H,10
ACE5401,10
ACE5402,10
ACE5403,40
ACE5404,10
ACE5405,10
ACE5406,10
ACE5407,10
ACE5408,10
ACE5409,10
ACE5410,10
ACE5411,10
ACE5413,9
ACE5480,10
AH2101,10
AH2202,10
AH2203,10
AH2204,10
AH3201,10
AH3204,10
AH3206,10
AH3550,120
ALS1010,10
AN1101E,10
AN2101,10
AN2202,10
AN2203,10
AN2204,10
AN2205,10
AN2206,10
AN3101,10
AN3203,10
AN3208,10
AN3209,10
AR1101,20
AR1102,17
AR1329,10
AR2101,17
AR2102,17
AR2225,0
AR2227,10
AR2228,10
AR2328,10
AR2522,5
AR2524,10
AR3101,17
AR3102,17
AR3102A,30
AR3223,10
AR3412,40
AR3721,10
AR3722,10
AR4002,20
AR4421,80
AR4955,10
AR5011,12
AR5121,10
AR5321,10
AR5323,10
AR5423,10
AR5601,10
AR5666,0
AR5801,20
AR5802,20
AR5803,20
AR5804,20
AR5805,20
AR5806,10
AR5807,60
AR5808,60
AR5951A,10
AR5951B,10
AR5951C,10
AR5951D,10
AR5951E,10
AR5952A,10
AR5952B,10
AR5952C,10
AR5952D,10
AR5952E,10
AR5952F,10
AR5952G,10
AR5953A,10
AR5953B,10
AR5953C,10
AR5953D,10
AR5955,10
AR5955A,10
AR5955B,10
AR5955C,10
AR5955F,10
AR5955G,10
AR5955H,10
AR5956A,10
AR5956B,10
AR5956C,10
AR5956D,10
AR5956E,10
AR5957H,10
AR5957I,10
AR5957J,10
AR5957K,10
AR5957L,10
AR5958D,10
AR5958E,10
AR5958F,10
AR5958G,10
AR5958H,10
AR5958I,10
AR5958J,10
AR5958K,10
AR5958L,10
AR5959,10
AR5959D,10
AR5959E,10
AR5959F,10
AR5959G,10
AR5959H,10
ASP1201EN,0
ASP1201GE,0
ASP1201HY,0
ASP1201MS,0
AUD5101,30
AUD5102,45
AUD5103,30
AUD5104,45
AUD5105,90
AUD5106,90
AUD5107,90
AUD5108,45
AUD5109,35
AUD5110,75
AUD5111,90
AUD5112,100
AUD5113,100
AUD5115,53
BAA6001A,5
BAA6001B,5
BBP6791,5
BBP6794,5
BDC6112,10
BDC6302,10
BDC6303,10
BI3001A,40
BI3001B,40
BI3001C,40
BI3002A,40
BI3002B,40
BI3003,40
BI3003A,40
BI3003B,40
BI3003C,40
BI3003D,40
BI3704A,40
BI3704B,40
BI3704C,40
BI3704D,40
BI3704R,40
BI3708A,40
BI3708B,40
BI3708R,40
BI3712A,40
BI3712B,40
BI3712R,40
BIS3001,0
BIS3001A,0
BIS3751,0
BL5102,10
BL5198,10
BL5199,40
BL5201,10
BL5202A,10
BL5203,10
BL5207A,10
BL5210,10
BL5213,10
BL5214,9
BL5215,10
BL5216,10
BL5217,10
BL5218,10
BL5220,10
BL5221,10
BL5222,10
BL5223,10
BL5224,10
BL5225,10
BL5228,5
BL5230,10
BL5232,9
BL5232A,10
BL5232C,10
BL5233,10
BL5235,10
BL5236,5
BL5237,32
BL5238,10
BL5239,10
BL5240,10
BL5299,40
BL5301,10
BL5302,10
BL5311,10
BL5312,10
BL5313,10
BL5322,10
BL5323,10
BL5324,10
BL5331,10
BL5601,10
BL5602,9
BL5611,10
BL5623,10
BL5631,10
BL5632,10
BL5661,10
BL5662,10
BL5699,40
BLD3002,4
BLD3004,10
BMA5001,10
BMA5002,10
BMA5003,10
BMA5008,10
BMA5009,10
BMA5013,10
BMA5016,10
BMA5017,10
BMA5102,10
BMA5104,10
BMA5112,10
BMA5118,10
BMA5118A,10
BMA5128,10
BMA5129,15
BMA5134,10
BMA5134A,10
BMA5136,10
BMA5137,9
BMA5138,10
BMA5236,23
BMA5271,9
BMA5275,10
BMA5277,9
BMA5302,10
BMA5303,10
BMA5309,10
BMA5313,10
BMA5313A,10
BMA5313C,10
BMA5313E,10
BMA5314,10
BMA5334,10
BMA5335,10
BMA5337,10
BMA5337A,10
BMA5338,10
BMA5404,10
BMA5406,10
BMA5411,10
BMA5424,10
BMA5428,10
BMA5430,10
BMA5431,10
BMA5432,10
BMA5432A,10
BMA5505,10
BMA5506,10
BMA5531,10
BMA5533,10
BMA5538,10
BMA5539,10
BMA5701,10
BMA5801,10
BMA5803,51
BMA5804,65
BMA5805,65
BMA5901,10
BMA5902,10
BMA5903,40
BMA5905,9
BMC5021,62
BMC5022,62
BMC5023,80
BMC5024,77
BMC5026,72
BMC5027,84
BMC5029,107
BMC5030,70
BMC5031,80
BMC5034,80
BMC5036,62
BMC5038,112
BMC5125,80
BMC5203,30
BMC5337,62
BMC5411,30
BMC5501,30
BMD5301,10
BMD5302,10
BME5040,92
BME5041,62
BME5042,92
BME5043,92
BME5044,92
BME5045,62
BME5046,62
BME5049,92
BME5050,92
BME5054,92
BME5056B,62
BME5058,10
BME5101,5
BME5102,5
BME5103,5
BME5104,5
BME5105,10
BME5106,10
BME5107,10
BME5201,4
BME5301,5
BME5401,10
BME5402,5
BMF5321,10
BMF5322,5
BMF5323,4
BMF5324,10
BMF5331,10
BMF5332,10
BMF5333,10
BMF5334,10
BMF5342,10
BMF5343,10
BMF5344,10
BMF5346,13
BMF5351,10
BMF5353,10
BMF5354,10
BMF5355,10
BMF5356,10
BMF5357,10
BMF5358,10
BMF5359,10
BMF5360,10
BMF5361,4
BMF5362,10
BMF5391A,5
BMF5391B,10
BMF5391C,5
BMF5393A,10
BMG5101,10
BMG5102,10
BMG5103,10
BMG5104,10
BMG5201,10
BMG5202,10
BMG5203,10
BMG5204,10
BMG5205,10
BMG5206,10
BMG5301,5
BMG5302,15
BMH5101,10
BMH5102,10
BMH5103,10
BMH5104,5
BMH5105,5
BMH5106,5
BMH5107,5
BMH5108,5
BMH5109,10
BMH5110,10
BMH5111,5
BMH5112,10
BMH5113,5
BMH5301,10
BMH5302,10
BMI5101,10
BMI5102,10
BMI5106,10
BMI5107,10
BMI5108,10
BMI5109,10
BMI5110,10
BMI5111,10
BMI5201,10
BMI5206,10
BMI5207,10
BMI5306,10
BMK5100,10
BMK5101,10
BMK5102,10
BMK5103,10
BMK5104,10
BMK5201,16
BMK5202,10
BMK5203,10
BMK5204,10
BMK5206A,10
BMK5207,10
BMK5209,10
BMK5300A,20
BMK5300D,10
BMK6111U,5
BMK6111V,5
BMO6010A,5
BMO6011A,5
BMO6023A,10
BMO6028,10
BMP5000,10
BMP5100,10
BMP5101,10
BMP5102,10
BMP5103,10
BMP5104,10
BMP5105,10
BMP5106,10
BMP5107,10
BMP5300,20
BMS5107,10
BMS5110,10
BMS5112,10
BMS5114,10
BMS5117,10
BMS5118,9
BMS5120,10
BMS5121S,10
BMS5122,10
BMS5123S,10
BMS5124,10
BMS5124S,10
BMS5125,10
BMS5127,10
BMS5128,10
BMS5129,10
BMS5205,10
BMS5209,10
BMS5307,10
BMS5311,10
BMS5312,10
BMS5313,10
BMS5405S,10
BMS5408,10
BMS5410,10
BMS5412,10
BMS5413,10
BMS5414,10
BMS5415,10
BMS5418,10
BMS5504,10
BMS5505,10
BMS5506,10
BMS5508,10
BMS5515,10
BMS5516,10
BMS5519,10
BMS5520,10
BMS5900,6
BMS5900A,4
BMS5901,10
BMT5100,10
BMT5101,10
BMT5102,10
BMT5103,10
BMT5104,10
BMT5200,10
BMT5201,10
BMT5202,10
BMT5203,10
BMT5301A,10
BMT5301C,10
BMT5401B,10
BMU5004,60
BMU5006,60
BMU5015,132
BN1111,10
BN2001,10
BN2102,8
BN2105,10
BN2111,10
BN2201,9
BN2204,6
BN2204S,21
BN2301,8
BN2403,6
BN3101,9
BN3101A,9
BN3202,9
BN3301,6
BN3402,10
BN4101,15
BN4102,5
BN4103,9
BN4109,9
BN4202,7
BN4203,7
BN4301,9
BN4302,10
BN4303,10
BN4304,10
BN4403,8
BN4404,10
BN4406,10
BN4501,8
BN4701,10
BN5001,10
BN5101,11
BN5102,10
BN5104,10
BN5201,10
BN5202,10
BN5203,10
BN5207,0
BN5208,10
BN5209,10
BN5211,10
BN5302,10
BN5303,10
BN5304,10
BN5501,10
BN5511,10
BN5512,10
BN5513,10
BN5514,10
BN5515,10
BN5516,10
BN5666,480
BN6202,10
BPM1702,25
BPM1705,10
BPS5111,10
BPS5112,20
BPS5221,10
BPS5222,10
BPS5223,10
BPS5224,10
BPS5225,10
BPS5226,10
BPS5228,10
BPS5229,10
BPS5300,10
BS5770,5
BS6770,5
BSE3701,10
BSE3702,10
BSE3703,10
BSE3711,10
BSE3751,10
BSE4751,10
BSE4761A,10
BSN3701,10
BSN3701A,10
BSN3701B,10
BSN3702,10
BSN3703,10
BSN3714,10
BSN3715,10
BSN3751,10
BSN4711,10
BSN4751,10
BSP1702,10
BSP1702X,10
BSP1703,10
BSP1707A,12
BSP2701,10
BSP3701A,10
BSP3701B,10
BSP3701C,10
BST3762,10
BT1101,10
BT2101,10
BT2102,10
BT3017,10
BT3102,10
BT3103,7
BT3104,10
BT4010,40
BT4011,40
BT4012,10
BT4013,10
BT4014,7
BT4015,7
BT4016,10
BT4101,15
BT4103,20
BT4211,10
BT4212,10
BT4222,10
BT4240,7
BT4301,10
BT5110,10
BT5126,10
BT5151,10
BT5153,10
BWS3804,40
BWS3806,40
BWS3814,40
BWS3816,40
BZD6004,10
BZD6010,7
BZD6012,10
BZD6016,10
CAH5101,9
CAH5102,9
CAH5103,9
CAH5104,40
CAH5105,9
CAH5106,9
CAS5101,12
CAS5660,10
CAS6101,10
CAS6660,10
CAS6770,10
CDE2000,6
CDE2212,10
CDE2501,10
CDE2502,9
CDE2503,10
CDE3504,9
CDE3505,10
CDE4501B,9
CDE5301,15
CDE5302,10
CDE5304,10
CDE5311,10
CDM5101,10
CDM5102,10
CDM5103,10
CDM5104,10
CE1103,10
CE2003,10
CE2134,9
CE2155,9
CE2407A,8
CE2407B,8
CE3001,10
CE3102,4
CE3115,10
CE3116,10
CE3121,9
CE3132,9
CE3155A,8
CE3155B,8
CE3165,10
CE3166,10
CE3201,10
CE3202,10
CE3203,10
CE3204,3
CE4103,0
CE4103R,20
CE4104,20
CE4221,8
CE5001,10
CE5002A,10
CE5002B,10
CE5002D,10
CE5002E,10
CE5003,40
CE5010A,10
CE5010QA,10
CE5101,10
CE5104A,4
CE5104B,4
CE5104QA,10
CE5104QB,10
CE5106A,4
CE5106B,4
CE5106QA,10
CE5106QB,10
CE5107A,10
CE5107B,10
CE5107QA,10
CE5107QB,10
CE5108A,4
CE5108B,4
CE5108QA,10
CE5108QB,10
CE5111,10
CE5112,10
CE5113A,4
CE5113B,4
CE5113QA,10
CE5113QB,10
CE5205,10
CE5208,10
CE5209,10
CE5214QA,10
CE5214QB,10
CE5308A,10
CE5308B,10
CE5308QA,10
CE5308QB,10
CE5310,10
CE5312,10
CE5315,10
CE5316QA,11
CE5316QB,10
CE5317A,10
CE5317B,10
CE5317QA,10
CE5317QB,10
CE5509A,4
CE5509B,4
CE5509QA,10
CE5509QB,10
CE5510A,4
CE5510B,4
CE5510QA,10
CE5510QB,10
CE5513,10
CE5515,10
CE5516A,10
CE5516B,10
CE5516QA,10
CE5516QB,10
CE5604,10
CE5610A,10
CE5610B,10
CE5610QA,10
CE5610QB,10
CE5611A,4
CE5611B,4
CE5611QA,10
CE5611QB,10
CE5666,480
CE5716,5
CE5717,5
CE5721QA,10
CE5721QB,10
CE5805A,10
CE5805B,10
CE5805QA,10
CE5805QB,10
CE5806A,10
CE5806B,10
CE5806QA,10
CE5806QB,10
CE5807A,4
CE5807B,10
CE5807QA,10
CE5807QB,10
CE5808A,4
CE5808B,10
CE5808QA,10
CE5808QB,10
CE5809,10
CE6001,10
CE6006,10
CE6077A,10
CE6077B,10
CE6077QA,10
CE6077QB,10
CE6102,10
CE6601,9
CEG5001,10
CEG5002,10
CEG5003,10
CEG5101,10
CEG5103,10
CEG5104,10
CEG5201,10
CEG5202,10
CEG5203,10
CEG5204,10
CEG5205,10
CEG5301,10
CEG5302,10
CEG5303,10
CEG5304,10
CFA1101A,4
CFA1101B,5
CFA2101A,4
CFA2101B,5
CFG1002,5
CFG1003,1
CFG1004,5
CFG1500,5
CFG1600,10
CFG2002I,9
CFG2002ID,9
CFG2002IN,9
CFG2002KH,9
CFG2002T,9
CFG2002TH,9
CFG2002VN,9
CFG2100,10
CFG2101,40
CFG2600A,0
CFG3001,13
CG1111A,9
CG2023,10
CG2027,4
CG2028,5
CG2111A,9
CG2271,10
CG3207,10
CG4001,15
CG4002,20
CG4003,15
CH1101E,10
CH2121,10
CH2141,10
CH2161,10
CH2221,10
CH2243,10
CH2275,10
CH2276,10
CH2291,10
CH2293,10
CH2295,10
CH2299,10
CH2392,10
CH3221,10
CH3230,10
CH3244,10
CH3246,10
CH3294,10
CH3298,10
CH3550,10
CH4203,10
CH4203HM,12
CH4207,10
CH4207HM,10
CH4222,10
CH4222HM,12
CH4224,10
CH4224HM,12
CH4227,10
CH4227HM,12
CH4261,10
CH4261HM,12
CH4262,10
CH4262HM,12
CH4401,20
CH4401HM,37
CH4882A,10
CH4882AHM,12
CH5213,10
CH5213R,10
CH5223,10
CH5223R,10
CH5224,10
CH5242,10
CH5243,10
CH5243R,10
CH5247,10
CH5247R,10
CH5660,10
CH6201,10
CH6227,10
CH6241,10
CH6243,10
CH6261,10
CH6262,10
CH6263,10
CH6770,10
CHC5101,10
CHC5102,10
CHC5301,10
CHC5302,10
CHC5303,10
CHC5305,10
CHC5307,10
CHC5308,10
CHC5310,10
CHC5313,10
CHC5314,10
CHC5315,10
CHC5316,10
CHC5319,10
CHC5322,10
CHC5325,10
CHC5326,10
CHC5330,10
CHC5331,10
CHC5332,10
CHC5333,10
CHC5334,10
CHC5335,10
CHC5336,10
CHC5337,10
CHC5338,10
CHC5339,10
CHC5340,10
CHC5341,10
CHC5342,10
CHC5347,10
CL1101E,10
CL1101S,10
CL2101,10
CL2101S,10
CL2102,10
CL2103,10
CL3104,10
CL3203,10
CL3210,10
CL3218,10
CL3550,10
CLC1101,10
CLC2201,18
CLC2202,14
CLC2203,10
CLC2204,10
CLC3303,14
CLC3304A,10
CLC3305,18
CLC3306,10
CLC3307,10
CM1102,10
CM1417,10
CM2112,10
CM2122,9
CM2133,10
CM2143,9
CM2288,10
CM2288R,10
CM2289,10
CM2289R,10
CM2310,40
CM2312,40
CM2313,40
CM3111,10
CM3121,10
CM3131,10
CM3141,10
CM3191,10
CM3192,10
CM3212,10
CM3221,10
CM3225,10
CM3251,10
CM3252,10
CM3253,10
CM3261,10
CM3267,10
CM3288,10
CM3288NR,10
CM3288R,60
CM3289,10
CM3289N,10
CM3289NR,10
CM3289R,10
CM3296,10
CM3310,40
CM3311,40
CM3312,40
CM3313,40
CM4199A,20
CM4211,10
CM4225,10
CM4227,10
CM4228,10
CM4236,10
CM4242,10
CM4253,10
CM4254,10
CM4258,10
CM4269,10
CM4271,10
CM4274,10
CM4282,10
CM4299,40
CM4310,40
CM5100,20
CM5102,10
CM5103,10
CM5104,10
CM5151,10
CM5161,10
CM5198,10
CM5211,10
CM5212,10
CM5221,10
CM5223,10
CM5224,10
CM5225,10
CM5235,11
CM5237,10
CM5239,10
CM5241,10
CM5244,10
CM5263,10
CM5268,10
CN1101A,9
CN2102,10
CN2103,10
CN2104,9
CN2105,10
CN2106,10
CN3101A,10
CN3102,10
CN3103,10
CN3104,10
CN3109,4
CN3135,7
CN4101,10
CN4102,10
CN4118,20
CN4118N,20
CN4118R,24
CN4119,10
CN4122,7
CN4123R,14
CN4201R,10
CN4203R,10
CN4205R,10
CN4210E,9
CN4211E,9
CN4215E,9
CN4215R,10
CN4218,9
CN4221R,9
CN4227R,10
CN4233R,10
CN4235,10
CN4242E,13
CN4247R,10
CN4248,10
CN4249,9
CN4251,10
CN5010,11
CN5020,10
CN5030,10
CN5040,10
CN5050,10
CN5111,10
CN5112,10
CN5150,10
CN5160,12
CN5162,10
CN5172,10
CN5173,10
CN5190,14
CN5191,14
CN5192,14
CN5193,10
CN5194,12
CN5195,10
CN5202,10
CN5203,10
CN5204,10
CN5216,14
CN5220,10
CN5246,12
CN5251,10
CN5432,14
CN5550,20
CN5555,17
CN5566,30
CN5666,10
CN6020,12
CN6163,10
CN6251,10
COS1000,10
CP1008,10
CP2106,10
CP2201,5
CP3107,15
CP3108A,5
CP3108B,10
CP3110,15
CP3200,15
CP3201,5
CP3202,15
CP3208,0
CP3209,10
CP3880,30
CP4101,15
CP4106,20
CP5101,40
CP5102,20
CP5103,20
CP5104,10
CP5105,15
CP5106,20
CS1010,10
CS1010A,10
CS1010E,10
CS1010J,10
CS1010R,3
CS1010S,10
CS1010X,10
CS1101S,10
CS1231,10
CS1231S,10
CS2030,10
CS2030S,10
CS2040,10
CS2040C,10
CS2040S,10
CS2100,10
CS2101,10
CS2102,6
CS2103,10
CS2103R,3
CS2103T,7
CS2104,9
CS2105,10
CS2106,10
CS2107,10
CS2108,10
CS2109S,10
CS2113,10
CS2113T,10
CS2220,10
CS2309,10
CS3103,10
CS3203,20
CS3210,10
CS3211,10
CS3213,10
CS3216,13
CS3217,13
CS3219,10
CS3223,7
CS3230,9
CS3230R,3
CS3231,10
CS3233,9
CS3233R,3
CS3234,9
CS3235,6
CS3236,6
CS3236R,3
CS3237,10
CS3240,7
CS3241,9
CS3241R,3
CS3242,10
CS3243,10
CS3244,10
CS3245,10
CS3245R,3
CS3247,10
CS3263,10
CS3264,10
CS3281,10
CS3282,10
CS4211,10
CS4212,9
CS4215,10
CS4218,10
CS4220,10
CS4221,7
CS4222,10
CS4223,7
CS4224,7
CS4225,7
CS4226,10
CS4230,10
CS4231,10
CS4234,10
CS4236,10
CS4238,10
CS4239,8
CS4240,10
CS4242,7
CS4243,10
CS4246,10
CS4247,10
CS4248,9
CS4249,6
CS4261,10
CS4268,10
CS4269,10
CS4277,10
CS4278,10
CS4330,6
CS4347,10
CS4350,10
CS5218,10
CS5219,10
CS5222,10
CS5223,10
CS5224,6
CS5228,10
CS5229,10
CS5230,10
CS5231,10
CS5232,10
CS5233,10
CS5234,10
CS5239,10
CS5240,10
CS5242,10
CS5246,10
CS5250,10
CS5260,10
CS5272,10
CS5321,10
CS5322,10
CS5330,10
CS5331,10
CS5332,10
CS5339,10
CS5340,10
CS5342,10
CS5344,10
CS5346,10
CS5421,10
CS5422,10
CS5424,10
CS5425,10
CS5430,10
CS5439,10
CS5446,10
CS5461,10
CS5469,10
CS5477,10
CS5478,10
CS5562,10
CS5647,10
CS6101,10
CS6203,10
CS6204,10
CS6206,10
CS6207,10
CS6208,10
CS6211,10
CS6212,10
CS6213,10
CS6216,10
CS6217,10
CS6220,10
CS6222,10
CS6223,10
CS6231,10
CS6234,10
CS6235,10
CS6240,10
CS6244,10
CS6285,10
CSA6101,10
CSA6102,10
CSA6770,10
DAO1704,10
DAO1704X,10
DAO2702,10
DAO2702X,10
DAO2703,10
DBA3701,10
DBA3702,10
DBA3711,10
DBA3713,10
DBA3751,10
DBA3803,10
DBA4711,10
DBA4713,10
DBA4714,10
DBA4751,10
DBA4761A,10
DBA4811,10
DBA4813,10
DBA5101,10
DBA5102,10
DBA5103,10
DBA5104,10
DBA5105,10
DBA5106,10
DBA5107,10
DBA5109,10
DBA5110,5
DBA5111,10
DBA5112,10
DE5106,10
DE5108,15
DE5109,25
DEP5101,10
DEP5101A,10
DEP5102,10
DEP5103,10
DEP5104,10
DEP5105,10
DEP5107,20
DEP5108,20
DEP5109,30
DEP5110,20
DEP5111,10
DEP5112,10
DEP5113,10
DEP5114,10
DEP5117,10
DI5100,23
DI5200,100
DL5101,39
DL5102,9
DL5103,9
DL5107,20
DL5201,10
DL5202,9
DL5203,10
DL5301,9
DL5302,10
DL5303,9
DMA1401L01,0
DMA1401PH,0
DMB1201ACC,0
DMB1201BSP,0
DMB1201DAO,0
DMB1201DO,0
DMB1201FIN,0
DMB1201MKT,0
DMB1201MNO,0
DMB1202ACC,0
DMB1202BSP,0
DMB1202DAO,0
DMB1202DO,0
DMB1202FIN,0
DMB1202MKT,0
DMB1202MNO,0
DMB1203ACC,0
DMB1203BSP,0
DMB1203DAO,0
DMB1203DO,0
DMB1203FIN,0
DMB1203MKT,0
DMB1203MNO,0
DMB1204ACC,0
DMB1204BSP,0
DMB1204DAO,0
DMB1204DO,0
DMB1204FIN,0
DMB1204MKT,0
DMB1204MNO,0
DMC1401,0
DMC1401CS,0
DMC1401IS,0
DMS1401CM,0
DMS1401SP,0
DMX1101,0
DMX1101AI,0
DMX1101CT,0
DMX1102,0
DMX1103,0
DMX1104,0
DMX1105,0
DMX1106,0
DMX1107,0
DMX1108,0
DMX1201,0
DMX1201AI,0
DMX1201CT,0
DMX1202,0
DMX1203,0
DMX1204,0
DMX1301,0
DMX1301AI,0
DMX1301CT,0
DMX1302,0
DMX1401,0
DMX1401AI,0
DMX1401CT,0
DMX1402,0
DMX1501,0
DMX1501AI,0
DMX1501CT,0
DMX1601,0
DMX1701,0
DMX1801,0
DMY1201RF,0
DMY1401EH,0
DMY1401ELC,0
DMY1401FA,0
DMY1401HL,0
DMY1401LED,0
DMY1401PGP,0
DMY1401RF,0
DMY1401SOG,0
DMY1401TSG,0
DMY1401TT,0
DOS3701,10
DOS3702,10
DOS3703,10
DOS3704,10
DOS3712,10
DOS3714,10
DOS3751,10
DOS3752,5
DOS3811,10
DOS4712,10
DOS4715,10
DOS4751,10
DOS4752,5
DOS4811,10
DOS4813,10
DOS5101,10
DOS5101A,10
DOS5102,10
DOS5103,10
DOS5104,10
DOS5106,10
DSA1101,10
DSA1361,4
DSA2101,10
DSA2102,10
DSA2310,40
DSA2312,40
DSA2313,40
DSA2362,3
DSA3101,10
DSA3102,10
DSA3310,40
DSA3311,40
DSA3312,40
DSA3313,40
DSA3361,10
DSA3362,10
DSA4199,20
DSA4211,10
DSA4212,10
DSA4213,10
DSA4262,10
DSA4263,10
DSA4266,10
DSA4288,20
DSA4288M,20
DSA4288S,20
DSA4299,40
DSA4299C,40
DSA4310,40
DSA5101,10
DSA5102,10
DSA5103,10
DSA5104,10
DSA5105,10
DSA5201,10
DSA5202,10
DSA5203,10
DSA5204,10
DSA5205,10
DSA5206,10
DSA5208,10
DSA5831,20
DSA5843,20
DSC4214,10
DSC4219,10
DSC4229,5
DSC5221A,10
DSE1101,10
DSE3101,10
DTK1234,10
DTK1234A,10
DTS5701,13
DTS5702,13
DTS5703,13
DTS5711,13
DTS5712,20
DTS5731,6
DTS5732,13
DTS5733,13
DTS5734,13
DTS5735,13
DTS5736,6
DY5190,0
EBA5001,19
EBA5001G,19
EBA5002,26
EBA5002G,26
EBA5003,19
EBA5003G,19
EBA5004,19
EBA5004G,19
EBA5005,19
EBA5005G,19
EBA5006,19
EBA5006G,19
EBA5007,15
EBA5008,30
EBA5008G,30
EC1101E,10
EC2101,10
EC2102,10
EC2104,10
EC2205,10
EC2303,10
EC2374,10
EC2383,10
EC2880A,10
EC2880C,10
EC3101,10
EC3102,10
EC3303,10
EC3304,10
EC3305,10
EC3305R,10
EC3312,10
EC3314,10
EC3332,10
EC3333,10
EC3342,10
EC3343,10
EC3351,10
EC3361,10
EC3373,10
EC3381,10
EC3386,10
EC3391,10
EC3394,10
EC3396,10
EC3551,10
EC3551R,10
EC4301,10
EC4301HM,12
EC4302,10
EC4302HM,12
EC4303,10
EC4303HM,12
EC4304,10
EC4304HM,12
EC4305,10
EC4305HM,12
EC4306,10
EC4306HM,12
EC4307,10
EC4307HM,12
EC4308,10
EC4308HM,12
EC4313,10
EC4313HM,12
EC4324,10
EC4324HM,12
EC4325,10
EC4325HM,12
EC4331,10
EC4331HM,12
EC4332,10
EC4332HM,12
EC4333,10
EC4333HM,12
EC4342,10
EC4342HM,12
EC4343,10
EC4343HM,12
EC4351,10
EC4351HM,12
EC4352,9
EC4352HM,12
EC4354,10
EC4354HM,12
EC4355,10
EC4355HM,12
EC4362,10
EC4362HM,12
EC4371,10
EC4371HM,12
EC4372,10
EC4372HM,12
EC4382,10
EC4382HM,12
EC4383,10
EC4383HM,12
EC4394,10
EC4394HM,12
EC4398,9
EC4398HM,11
EC4401,20
EC4401HM,37
EC4660,10
EC4660HM,12
EC4880,10
EC4880HM,12
EC5101,10
EC5101R,10
EC5102,10
EC5102R,10
EC5103,10
EC5103R,10
EC5104,10
EC5104R,0
EC5319,10
EC5319R,10
EC5326,10
EC5326R,10
EC5386,10
EC5386R,10
EC5882,10
EC5882R,10
EC6101,10
EC6102,10
EC6103,10
EC6104,10
EC6322,10
EC6371,10
EC6770,10
EC6881,10
EC6884,10
ECA5101,10
ECA5102,10
ECA5103,10
ECA5304,10
ECA5305,10
ECA5307,10
ECA5313,10
ECA5315,10
ECA5325,10
ECA5333,10
ECA5334,10
ECA5335,8
ECA5342,10
ECA5343,10
ECA5351,10
ECA5371,10
ECA5372,10
ECA5373,10
ECA5374,10
ECA5375,10
ECA5376,10
ECA5381,10
ECA5396,10
ECA5881,10
ECA5884,10
EE1111A,10
EE1111B,9
EE2012,10
EE2022,10
EE2023,10
EE2026,10
EE2027,10
EE2028,10
EE2033,9
EE2111A,10
EE2211,9
EE3031,10
EE3104C,11
EE3105,10
EE3305,9
EE3306,10
EE3331C,9
EE3408C,10
EE3431C,10
EE3731C,10
EE3801,10
EE4001,15
EE4002D,10
EE4002R,10
EE4031,4
EE4032,3
EE4101,8
EE4112,9
EE4115,10
EE4204,9
EE4205,10
EE4210,9
EE4211,10
EE4212,10
EE4218,9
EE4302,9
EE4303,9
EE4305,9
EE4308,8
EE4309,9
EE4407,9
EE4409,10
EE4415,9
EE4434,8
EE4435,8
EE4436,9
EE4437,8
EE4438,9
EE4501,10
EE4502,9
EE4503,9
EE4505,9
EE4511,10
EE4513,9
EE4704,9
EE4705,9
EE4802,10
EE5001,0
EE5002,0
EE5020,10
EE5021,10
EE5022,10
EE5023,10
EE5024,10
EE5025,10
EE5026,10
EE5027,10
EE5060,10
EE5061,10
EE5062,10
EE5064,10
EE5101,10
EE5103,10
EE5104,10
EE5106,10
EE5110,10
EE5111,10
EE5112,10
EE5114,9
EE5134,10
EE5135,10
EE5139,10
EE5303,9
EE5308,8
EE5311,10
EE5434,10
EE5439,10
EE5441,10
EE5442,10
EE5502,10
EE5507,10
EE5508,10
EE5518,10
EE5666,40
EE5701,10
EE5702,10
EE5703,10
EE5711,10
EE5713,10
EE5731,10
EE5801,9
EE5831,10
EE5904,10
EE5907,9
EE6004,8
EE6104,10
EE6110,10
EE6135,10
EE6139,10
EE6437,10
EE6438,10
EE6439,10
EE6531,10
EE6733,10
EE6831,10
EE6832,10
EE6833,10
EE6934,10
EE6990,480
EG1311,7
EG1611,2
EG2101,5
EG2201A,10
EG2301,10
EG2310,10
EG2311,10
EG2401A,4
EG2620,10
EG2701A,10
EG2701B,10
EG3301R,15
EG3611,4
EG3611A,40
EG3611B,40
EG3612,4
EG4301,15
EG4301A,15
EG5301,10
EG5303,15
EG5911R,8
EL1101E,10
EL2101,10
EL2102,10
EL2111,10
EL2151,10
EL3201,10
EL3206,10
EL3208,10
EL3210,10
EL3216,10
EL3254,10
EL3551,10
EL3551R,10
EL4204,10
EL4204HM,12
EL4212,10
EL4212HM,12
EL4216,10
EL4216HM,12
EL4222,10
EL4222HM,12
EL4252,10
EL4252HM,12
EL4253,10
EL4253HM,12
EL4258,10
EL4258HM,12
EL4401,20
EL4401HM,37
EL4660,10
EL4660HM,12
EL4880D,10
EL4880DHM,12
EL4880F,10
EL4880FHM,12
EL5102,10
EL5102R,10
EL5103,10
EL5103R,10
EL5204R,10
EL5206R,10
EL5216R,10
EL5251R,10
EL5252R,10
EL5255R,10
EL5270R,10
EL5660,10
EL5661,10
EL6660,10
EL6770,10
EL6880,10
EL6881,10
EL6882,10
EL6884,10
ELC5104,10
ELC5204,10
ELC5206,10
ELC5216,10
ELC5251,10
ELC5252,10
ELC5255,10
ELC5270,10
EM1201,10
EM1202,10
EN1101E,10
EN2202,10
EN2203,10
EN2206,10
EN2207,10
EN2275,10
EN3220,10
EN3222,10
EN3224,10
EN3229,10
EN3241,10
EN3242,10
EN3243,10
EN3248,10
EN3249,10
EN3252,10
EN3253,10
EN3263,10
EN3264,10
EN3551,10
EN4232,10
EN4232HM,12
EN4234,10
EN4234HM,12
EN4244,10
EN4244HM,12
EN4249,10
EN4249HM,12
EN4251,10
EN4251HM,12
EN4252,10
EN4252HM,12
EN4261,10
EN4261HM,12
EN4267,10
EN4267HM,12
EN4268,10
EN4268HM,12
EN4401,20
EN4401HM,37
EN4660,10
EN4660HM,12
EN4880A,10
EN4880AHM,12
EN5235R,10
EN5238R,10
EN5242R,10
EN5244R,10
EN5247R,10
EN5253R,10
EN5660,10
EN5880AR,10
EN6660,10
EN6770,10
EN6880,10
EN6881,10
EN6882,10
ENC5149,10
ENC5150,10
ENC5151,10
ENC5235,10
ENC5238,10
ENC5242,10
ENC5244,10
ENC5247,10
ENC5253,10
ENC5660,10
ENC5880A,10
ENV1101,10
ENV2102,10
ENV2103,10
ENV2288,10
ENV2289,10
ENV2301,10
ENV2302,10
ENV3102,10
ENV3104,10
ENV3202A,41
ENV3206,10
ENV3288,10
ENV3288R,10
ENV3289,10
ENV3289R,10
ENV4101,10
ES1000,10
ES1103,10
ES2002,10
ES2007D,10
ES2631,9
ES2660,10
ES5000,8
ES5001A,10
ESE2000,10
ESE2001,9
ESE2101,4
ESE2102,10
ESE3101,10
ESE3201,9
ESE3301,10
ESE3401,9
ESE4406,7
ESE4501,10
ESE4501R,10
ESE4502N,10
ESE4502R,20
ESE5001,10
ESE5001AB,10
ESE5003,10
ESE5004,10
ESE5203,10
ESE5301,10
ESE5401,10
ESE5404,10
ESE5405,10
ESE5607,10
ESE5666,10
ESE5880A,10
ESE5880C,9
ESE5901,10
ESE6003,10
ESE6301,10
ESP2106,10
ESP2107,10
ESP2110,10
ESP2111,10
ESP3201,10
ESP3903,10
ESP4401,10
ESP4901,10
ESP5402,10
ETP2271,9
ETP3201I,42
ETP3201L,42
ETP3201S,42
ETP3202E,20
ETP3202I,20
ETP3202L,20
ETP3202P,20
ETP3202S,20
ETP3203L,20
ETP3204S,10
ETP3205,42
ETP3211,10
ETP3321,65
ETP4212,10
ETP5201,30
ETP5301,20
ETP5311,30
ETP5331,10
ETP5341,10
EU2214,10
EU3224,10
EU3227,10
EU4401,37
EU4660,10
FAS1101,10
FAS2551,24
FAS2551A,24
FAS2552,30
FAS2552A,30
FAS2553,40
FAS2553A,40
FAS2882A,10
FAS2882B,10
FAS2882C,10
FAS2882E,10
FAS2882G,10
FAS3550,5
FAS3551,5
FDP2011,10
FDP2012,10
FDP2021,10
FDP2022,10
FE5101,12
FE5103,12
FE5105,12
FE5107,12
FE5108,12
FE5110,11
FE5111,10
FE5112,10
FE5116,10
FE5208,10
FE5209,12
FE5210,9
FE5212,5
FE5213,10
FE5214,10
FE5221,6
FE5222,10
FE5223,10
FE5224,5
FE5225,10
FE5226,10
FE5227,5
FIN2704,10
FIN2704X,10
FIN3129,10
FIN3139,5
FIN3701A,11
FIN3701B,11
FIN3702A,11
FIN3702B,11
FIN3703A,11
FIN3703B,11
FIN3711,11
FIN3712,11
FIN3713,11
FIN3714,10
FIN3715,11
FIN3716,10
FIN3717,11
FIN3719,10
FIN3720,10
FIN3721,10
FIN3751,10
FIN3761A,12
FIN4119,10
FIN4129,5
FIN4714,10
FIN4715,10
FIN4716,10
FIN4717,10
FIN4718,10
FIN4719,10
FIN4720,10
FIN4721,10
FIN4751,10
FIN4752,5
FIN4761A,10
FIN4761C,10
FIN4761D,10
FIN6004,15
FIN6006,10
FSC2101,10
FSC3101,10
FSC4201,10
FSC4202,10
FSC4206,12
FSC4207,10
FSC4208,10
FSC5101,10
FSC5199,40
FSC5201,10
FSC5202,10
FSC5203,10
FSC5204,10
FSC5205,10
FSP4003,0
FST1101B,10
FST2102B,10
FST2106,10
FST2109,10
FST2110,10
FST2201,10
FST2204,26
FST2288,10
FST2288R,10
FST2289,10
FST2289R,10
FST2310,40
FST2313,40
FST3103,10
FST3107,10
FST3108,10
FST3109,10
FST3110,10
FST3111,10
FST3112,10
FST3202,10
FST3203,10
FST3204,10
FST3287,40
FST3288,10
FST3288R,10
FST3289,10
FST3310,40
FST3311,40
FST3312,40
FST4102,10
FST4103,10
FST4199,20
FST4202,10
FST4299,40
FST4310,40
FST5198,10
FST5199,40
FST5199A,20
FST5199B,10
FST5201,10
FST5202A,10
FST5203A,10
FST5205A,10
FST5207,10
FST5301A,10
FST5302,10
FST5303A,10
FT5001,10
FT5002,10
FT5003,10
FT5004,10
FT5005,10
FT5007,15
FT5008,10
FT5009,10
FT5010,10
FT5101,10
GE1101E,10
GE2101,10
GE2102,10
GE2103,10
GE2215,10
GE2231,10
GE3204,10
GE3216,10
GE3230A,10
GE3231,10
GE3236,10
GE3238,10
GE3240,10
GE3241,10
GE3247,10
GE3248,10
GE3249,10
GE3250,9
GE3252,10
GE3253,10
GE3254,10
GE3255,10
GE3256,10
GE3257,10
GE3259,10
GE3550A,10
GE3550B,10
GE3551,10
GE4202,10
GE4202HM,12
GE4204,10
GE4204HM,12
GE4211,10
GE4211HM,12
GE4213,10
GE4213HM,12
GE4214,10
GE4214HM,12
GE4217,10
GE4217HM,12
GE4219,10
GE4219HM,12
GE4220,10
GE4220HM,12
GE4221,10
GE4221HM,12
GE4222,10
GE4222HM,12
GE4224,10
GE4224HM,12
GE4225,10
GE4225HM,12
GE4226,10
GE4226HM,12
GE4227,10
GE4227HM,12
GE4228,10
GE4228HM,12
GE4230,10
GE4230HM,12
GE4231,10
GE4231HM,12
GE4232,10
GE4232HM,12
GE4234,10
GE4234HM,12
GE4235,10
GE4235HM,12
GE4236,10
GE4236HM,12
GE4238,10
GE4238HM,12
GE4239,10
GE4239HM,12
GE4401,20
GE4401HM,37
GE4660,10
GE4660HM,12
GE5211,10
GE5217,10
GE5218,10
GE5219,10
GE5223,10
GE5225,10
GE5226,10
GE5227,10
GE5228,10
GE5660,10
GE6211,10
GE6224,10
GE6225,30
GE6226,20
GE6660,10
GE6770,10
GEA1000,9
GEA1000N,9
GEC1000,10
GEC1001,10
GEC1002,10
GEC1003,10
GEC1004,10
GEC1005,10
GEC1006,10
GEC1007,10
GEC1011,10
GEC1013,10
GEC1014,10
GEC1015,10
GEC1016,10
GEC1018,10
GEC1020,10
GEC1023,10
GEC1024,10
GEC1028,10
GEC1030,10
GEC1031,10
GEC1032,10
GEC1033,10
GEC1034T,10
GEC1035,10
GEC1039,10
GEC1040,10
GEC1040T,10
GEC1041,10
GEC1042,10
GEC1044,10
GEC1045,10
GEH1001,10
GEH1005,10
GEH1006,10
GEH1008,10
GEH1009,10
GEH1013,10
GEH1014,10
GEH1015,10
GEH1016,10
GEH1018,10
GEH1022,10
GEH1024,10
GEH1025T,6
GEH1043,10
GEH1045,10
GEH1047,10
GEH1049,10
GEH1050,10
GEH1054,10
GEH1056,10
GEH1060,10
GEH1061,10
GEH1062,10
GEH1070,10
GEH1074,10
GEH1077,10
GEH1079,10
GEI1000,10
GEI1001,10
GEI1002,9
GEN2000,10
GEN2001,10
GEN2002X,10
GEN2002Y,10
GEN2004,10
GEN2050X,10
GEN2050Y,10
GEN2060X,10
GEN2060Y,10
GEN2061X,10
GEN2061Y,10
GEN2062X,10
GEN2062Y,10
GEN2070X,10
GEN2070Y,10
GES1000T,10
GES1002,10
GES1002T,10
GES1003,10
GES1004,10
GES1005,10
GES1006,10
GES1007,10
GES1008,10
GES1011,10
GES1012,10
GES1013,10
GES1014,10
GES1015,10
GES1019,10
GES1020,10
GES1021,10
GES1023,10
GES1024,10
GES1026,10
GES1028,10
GES1029,10
GES1030,10
GES1031,10
GES1034,10
GES1035,10
GES1037,9
GES1037T,9
GES1038,10
GES1039,10
GES1041,9
GESS1000,10
GESS1000T,10
GESS1001,10
GESS1002,10
GESS1003,10
GESS1004,10
GESS1005,10
GESS1006,10
GESS1009,10
GESS1010,10
GESS1011,10
GESS1012,10
GESS1013,10
GESS1014,10
GESS1015,10
GESS1016,10
GESS1017,10
GESS1018,10
GESS1019,10
GESS1020,10
GESS1021,10
GESS1022,10
GESS1024,10
GESS1025,10
GESS1026T,9
GESS1027,10
GESS1028,10
GESS1029,9
GESS1035,10
GESS1036,10
GESS1036T,10
GESS1037,10
GET1002,10
GET1003,10
GET1008,10
GET1009,10
GET1016T,10
GET1019,10
GET1020,10
GET1020T,10
GET1022,10
GET1022T,10
GET1023,10
GET1025,10
GET1026,10
GET1028,10
GET1029,10
GET1030,9
GET1031,6
GET1039,10
GET1040,10
GET1041,10
GET1044,10
GET1046,10
GET1050,10
GEX1000,10
GEX1000T,10
GEX1001,10
GEX1004,10
GEX1005,10
GEX1007,10
GEX1007T,10
GEX1009,10
GEX1009T,10
GEX1010,10
GEX1011,10
GEX1012,10
GEX1014,10
GEX1015,10
GEX1021,10
GEX1022,10
GEX1023,10
GEX1024T,10
GEX1026,10
GEX1031,10
GL1101E,10
GL2101,10
GL2102,10
GL2103,10
GL2104,10
GL3201,10
GL3203,10
GL3550,0
GL3551,0
GL4101,9
GL4101HM,12
GL4102,10
GL4102HM,12
GL4401,20
GL4401HM,37
GL4660,10
GL4660HM,12
GL4881A,10
GL4881AHM,12
GL4882B,10
GL4882BHM,12
GL4882D,10
GL4882DHM,12
GL4883A,10
GL4883AHM,12
GL4883B,10
GL4883BHM,12
GL4883C,10
GL4883CHM,12
GL4884A,10
GL4884AHM,12
GL4884B,10
GL4884BHM,12
GL4885B,10
GL4885BHM,12
GL4886B,10
GL4886BHM,12
GMS1000,10
GMS5003,10
GMS5005,10
GMS5106,10
GMS5114,10
GMS5116,10
GMS5148,0
GMS5149,0
GMS5151,10
GMS5191,10
GMS5201,10
GMS5202,10
GMS5203,10
GMS5204,9
GMS5221,10
GMS5222,10
GMS5301,4
GMS5302,4
GMS5311,4
GMS5312,3
GMS5313,4
GMS5314,3
GMS5315,4
GMS5401,10
GMS5402,10
GMS5403,10
GMS5404,10
GMS5501,10
GMS5502,9
GMS5503,10
GMS5504,10
GMS5701,10
GMS5702,10
GMS5703,10
GMS5704,10
GMS5721,10
GMS5802,10
GMS5803,10
GMS5805,10
GMS5849,25
GMS5900,1
GMS6800,2
GMS6801,9
GMS6802,10
GMS6803,10
GMS6804,10
GMS6810,2
GMS6811,10
GMS6812,10
GMS6813,9
GMS6820,10
GMS6821,1
GMS6850,10
GMS6900,1
GMS6904,10
GMS6907,10
GMS6920,10
GMS6921,10
GMS6950,10
GMS6951,10
GMS6961,9
GS5002,10
GS5101,5
GS6001,8
GS6883B,9
GS6889B,4
GS6889C,10
GSS6886,5
HI5101,32
HI5102,32
HI5104,32
HLE5101,9
HLE5102,9
HM5102,26
HM5103,45
HM5104,34
HM5105,34
HM5106,45
HM5107,12
HS1401A,2
HS1401S,2
HS1402A,2
HS1402S,2
HS1403A,2
HS1403S,2
HS1501,10
HS1502,10
HS2301,10
HS2902,10
HS2903,10
HS2904,10
HS2905,10
HS2906,10
HS2907,10
HS2908,10
HS2909,10
HS2911,10
HS2912,10
HS2913,10
HS2914,10
HS2915,10
HS2916,10
HS2919,10
HSA1000,10
HSH1000,10
HSI1000,10
HSI2001,10
HSI2002,10
HSI2003,10
HSI2004,10
HSI2005,10
HSI2007,10
HSI2008,10
HSI2009,10
HSI2010,9
HSI2011,10
HSI2012,9
HSI2013,10
HSI2014,9
HSI2015,10
HSI2016,10
HSS1000,10
HY1101E,10
HY2207,10
HY2232,10
HY2237,10
HY2247,10
HY2249,10
HY2250,10
HY2251,10
HY2252,10
HY2253,10
HY2259,10
HY2263,10
HY2264,10
HY2265,10
HY3214,10
HY3226,10
HY3236,10
HY3247,10
HY3248,10
HY3250,10
HY3254,10
HY3257,10
HY3265,10
HY3551,10
HY4207,10
HY4207HM,12
HY4210,10
HY4210HM,12
HY4211,10
HY4211HM,12
HY4214,10
HY4214HM,12
HY4215,10
HY4215HM,12
HY4217,10
HY4217HM,12
HY4218,10
HY4218HM,12
HY4222,10
HY4222HM,12
HY4223,10
HY4223HM,12
HY4225,10
HY4225HM,12
HY4229,9
HY4229HM,12
HY4230,10
HY4230HM,12
HY4231,9
HY4231HM,12
HY4235,10
HY4235HM,12
HY4236,10
HY4236HM,12
HY4238,9
HY4238HM,12
HY4401,20
HY4401HM,37
HY4660,10
HY4660HM,12
HY5207,10
HY5210,10
HY5210R,10
HY5303,10
HY5305,10
HY5401,10
HY5401R,10
HY5402,10
HY5403,10
HY5405,10
HY5406,10
HY5407,10
HY5410,10
HY5411,10
HY5412,10
HY5414,20
HY5415,10
HY5416,10
HY5417,10
HY5418,10
HY5660,10
HY6101,10
HY6660,10
HY6770,10
ID1114,9
ID1115,9
ID1116,9
ID1117,9
ID1118,9
ID1119,9
ID1121,10
ID1223,4
ID1300,3
ID2041,0
ID2042,40
ID2106,25
ID2107,10
ID2108,10
ID2109,10
ID2110,10
ID2114,4
ID2115,10
ID2116,6
ID2117,2
ID2118,7
ID2119,10
ID2122,6
ID2322,10
ID3041,35
ID3105,25
ID3106,10
ID3107,10
ID3108,10
ID3109,4
ID3110,4
ID3124,10
ID3125,4
ID3126,4
ID3128,10
ID3129,10
ID3130,10
ID4105,25
ID4106,30
ID4107,4
ID4108,4
ID4109,4
ID4121,10
ID4122,4
ID5021,10
ID5151,10
ID5351,10
ID5354,10
ID5355,10
ID5770,10
ID5951,10
ID5951A,10
ID5951B,10
ID5951C,10
ID5951D,10
ID5951E,10
ID6770,10
IE1111R,10
IE2100,10
IE2110,10
IE2111,10
IE2141,10
IE3100R,10
IE3101,10
IE3102,10
IE3102A,10
IE3105,10
IE3110R,9
IE3120,10
IE4100R,10
IE4102,10
IE4210,10
IE4211,10
IE4213,10
IE4214,10
IE4215,10
IE4220,10
IE4240,10
IE4242,10
IE4243,10
IE4246,10
IE4248,10
IE4299,10
IE5001,10
IE5002,10
IE5003,10
IE5004,10
IE5005,10
IE5006,10
IE5105,10
IE5107,10
IE5108,10
IE5121,10
IE5123,10
IE5202,10
IE5203,10
IE5205,10
IE5206,10
IE5207,10
IE5208,10
IE5209,10
IE5221,10
IE5231,10
IE5301,10
IE5401,10
IE5405,10
IE5600,10
IE5602,10
IE5603,10
IE5666,480
IE5766,20
IE5866,30
IE5881,10
IE5903,10
IE5904A,10
IE5904B,10
IE5905,10
IE5906A,10
IE5906B,10
IE5907,10
IE5908A,10
IE5908B,10
IE5909A,10
IE5909B,10
IE6001,10
IE6002,10
IE6505,10
IE6520,10
IFS2200,40
IFS4101,10
IFS4102,10
IFS4103,10
IFS4205,20
IGL3550,0
IND5001,10
IND5002,10
IND5003,10
IND5004,10
IND5005,10
IND5005A,5
IND5005B,14
IND5021,10
IND5022,10
IND5024,10
INT2101,10
INT3201,10
INT3202,10
INT3204,10
IPM1102,10
IPM1103,10
IPM2101,10
IPM2102,10
IPM2103,10
IPM2104,0
IPM3101,10
IPM3102,10
IPM4101,0
IPM4101T,0
IPM4102,10
IPM4103,0
IPM4201,10
IPS3550,0
IS1108,10
IS1128,10
IS2101,10
IS2102,8
IS2103,7
IS2218,10
IS2238,10
IS3103,10
IS3106,7
IS3107,10
IS3150,10
IS3221,7
IS3240,10
IS3251,10
IS4010,40
IS4100,7
IS4103,20
IS4151,10
IS4226,10
IS4228,10
IS4231,10
IS4233,10
IS4234,10
IS4236,10
IS4238,10
IS4241,8
IS4242,10
IS4243,7
IS4246,7
IS4250,8
IS4262,10
IS4301,10
IS4302,7
IS4303,10
IS5002,10
IS5003,10
IS5004,10
IS5005,10
IS5006,10
IS5007,10
IS5008,10
IS5009,10
IS5116,10
IS5117,10
IS5126,10
IS5128,10
IS5151,10
IS5152,10
IS5451,10
IS6000,5
IS6001,10
IS6002,10
IS6003,10
IS6004,10
IS6006,10
ISC3550,0
ISD5101,20
ISD5102,20
ISD5103,10
ISD5104,10
ISD5105,10
ISD5106,10
ISD5107,10
ISY5001,21
ISY5001G,21
ISY5002,26
ISY5002G,26
ISY5003,26
ISY5003G,26
ISY5004,19
ISY5004G,19
ISY5005,19
ISY5005G,19
ISY5007,15
IT1244,10
IT2002,8
IT2900,10
IT3010,7
IT5001,10
IT5002,10
IT5003,10
IT5004,10
IT5005,10
IT5006,10
IT5007,10
IT5100B,10
IT5100C,10
IT5100D,10
IT5100E,10
IT5100F,10
IT5503,10
JS1101E,10
JS2101,10
JS2203,10
JS2213,10
JS2230,10
JS2233,10
JS2234,10
JS2880A,65
JS3101,10
JS3213,10
JS3214,10
JS3217,10
JS3223,10
JS3229,130
JS3230,10
JS3551,10
JS4207,10
JS4207HM,12
JS4213,10
JS4213HM,12
JS4216,10
JS4216HM,12
JS4217,10
JS4217HM,12
JS4225,10
JS4225HM,12
JS4227,10
JS4227HM,12
JS4229,10
JS4229HM,12
JS4230,10
JS4230HM,12
JS4233,9
JS4233HM,12
JS4401,20
JS4401HM,37
JS5203,10
JS5660,10
JS6202,10
JS6770,10
LA4701,17
LA4702,17
LA5211,10
LA5222,10
LA5302,10
LA5303,10
LA5500,10
LA5511,10
LA5702,20
LA5742,20
LA5742A,10
LA5901,10
LAB1201,10
LAB2201,10
LAB3201,10
LAB3202,10
LAB4201,10
LAB4201HM,12
LAB4202,10
LAB4202HM,12
LAC1201,10
LAC2201,10
LAC2202,10
LAC3201,10
LAC3202,10
LAC3204,10
LAC4201,10
LAC4201HM,12
LAC4202,10
LAC4202HM,12
LAD1001,10
LAD1003,10
LAD1004,10
LAD1005,20
LAD2003,10
LAD2004,10
LAD2005,10
LAD2006,15
LAD2007,20
LAD3001,20
LAD3002,20
LAD3005,10
LAD3006,8
LAD4003,10
LAD4004,10
LAD4005,10
LAD4006,10
LAD4007,10
LAD4008,17
LAD4010,18
LAD4012,10
LAF1201,10
LAF2201,10
LAF3201,10
LAF3202,10
LAF4201,10
LAF4201HM,12
LAF4202,10
LAF4202HM,12
LAF4203,10
LAF4203HM,12
LAF4204,10
LAF4204HM,12
LAG1201,10
LAG2201,10
LAG3201,10
LAG3202,10
LAG4201,10
LAG4201HM,12
LAG4202,10
LAG4202HM,12
LAH1201,10
LAH2201,10
LAH3201,10
LAH3202,10
LAH4202,10
LAH4202HM,12
LAJ1201,10
LAJ2201,10
LAJ2202,10
LAJ2203,10
LAJ3201,10
LAJ3202,10
LAJ3204,10
LAJ4203,10
LAJ4203HM,12
LAK1201,10
LAK2201,10
LAK3201,10
LAK3202,10
LAK4201,10
LAK4201HM,12
LAK4202,10
LAK4202HM,12
LAK4203,10
LAK4203HM,12
LAK4204,10
LAK4204HM,12
LAL1201,10
LAL2201,10
LAM1201,10
LAM2201,10
LAM3201,10
LAM3202,10
LAR1201,10
LAR2201,10
LAR3201,10
LAR3202,10
LAR4201,10
LAR4201HM,12
LAR4202,10
LAR4202HM,12
LAS1201,10
LAS2201,10
LAS3201,10
LAS3202,10
LAS4201,10
LAS4201HM,12
LAS4202,10
LAS4202HM,12
LAS4203,10
LAS4203HM,12
LAS4204,10
LAS4204HM,12
LAT1201,10
LAT2201,10
LAT3201,10
LAT3202,10
LAT4201,10
LAT4201HM,12
LAT4202,10
LAT4202HM,12
LAT4203,10
LAT4203HM,12
LAT4204,10
LAT4204HM,12
LAV1201,10
LAV2201,10
LAV3201,10
LAV4201,10
LAV4201HM,12
LAV4202,10
LAV4202HM,12
LC1001H,20
LC1002I,10
LC1002J,0
LC1003,20
LC1004,20
LC1016,10
LC1025,10
LC2004,20
LC2006A,20
LC2006B,20
LC2006D,20
LC2006E,20
LC2006F,20
LC2006G,20
LC2007,15
LC2008A,20
LC2008B,20
LC2008C,20
LC2008D,20
LC2008F,20
LC2008G,20
LC2008H,20
LC2009,6
LC2010A,10
LC2010B,10
LC2010C,10
LC2010D,10
LC2010E,10
LC2010F,10
LC2010G,10
LC2010H,10
LC2012,10
LC2013,10
LC3001A,0
LC5010A,10
LC5050V,13
LC5070V,13
LC5074,10
LC5089,10
LC5118,10
LC5204AV,13
LC5204BV,13
LC5225,30
LC5230,10
LC5232,10
LC5264,10
LC5265,10
LC5285V,10
LC5336,2
LC5337,10
LC5337S,10
LC5405A,13
LC6009GRSII,10
LC6378,10
LCC5466,2
LCC5467,7
LCC5468,2
LCC5469,5
LCC5470,5
LCD5204AV,13
LCD5204BV,13
LCJ5003,20
LCJ5004,20
LCJ5006,20
LCJ5007,15
LCJ5008,20
LCJ5009,6
LCJ5010,10
LCJ5012,10
LCJ5013,10
LCJ5014,20
LCJ5015,10
LCJ5016,10
LCJ5025,10
LI5204,10
LL4002V,13
LL4004V,13
LL4007,10
LL4008AV,13
LL4008BV,13
LL4009V,10
LL4011V,12
LL4019V,13
LL4021V,10
LL4024V,13
LL4029AV,10
LL4029BV,10
LL4029V,13
LL4031V,13
LL4033V,13
LL4034V,13
LL4043,10
LL4044V,13
LL4045V,13
LL4050V,13
LL4056BV,13
LL4063V,13
LL4064V,13
LL4070V,13
LL4074V,13
LL4089V,13
LL4094AV,10
LL4094BV,10
LL4094CV,10
LL4094DV,10
LL4094EV,10
LL4094FV,10
LL4094GV,10
LL4094V,10
LL4097V,13
LL4100,10
LL4104V,13
LL4109V,13
LL4133V,13
LL4140V,10
LL4177V,10
LL4188V,10
LL4208V,13
LL4213V,12
LL4214,10
LL4237V,10
LL4243V,12
LL4244V,10
LL4276,10
LL4283V,10
LL4285V,10
LL4287V,10
LL4290V,10
LL4292V,10
LL4295,10
LL4303V,12
LL4308V,10
LL4309V,10
LL4318V,10
LL4319V,10
LL4322,10
LL4327V,10
LL4335V,10
LL4338V,10
LL4339,10
LL4342V,10
LL4344,10
LL4349V,10
LL4350V,10
LL4356V,10
LL4357V,10
LL4359Z,18
LL4360Z,18
LL4361Z,18
LL4364V,10
LL4367V,10
LL4375,10
LL4377V,10
LL4387,10
LL4393V,10
LL4396,10
LL4397,10
LL4398,10
LL4405A,13
LL4407,20
LL4412,15
LL4433V,10
LL4434V,10
LL4436V,10
LL4437V,10
LL4438V,10
LL4450V,10
LL4452V,10
LL4453V,10
LL4454V,10
LL4460,10
LL4461V,10
LL4463V,10
LL4475V,10
LL4481,10
LL4486,10
LL4487,10
LL4488,10
LL4489V,12
LL4491V,12
LL4492V,12
LL4493,10
LL4494V,12
LL4496V,12
LL4499,44
LL4500,10
LL4501,10
LL4502,44
LL4504,44
LL4505,44
LL4506,44
LL4507,10
LL4508,10
LL4509,44
LL5002V,13
LL5004V,13
LL5008AV,13
LL5008BV,13
LL5009V,10
LL5011V,12
LL5019V,13
LL5021V,10
LL5024V,13
LL5029V,13
LL5031V,13
LL5033V,13
LL5034V,13
LL5044V,13
LL5045V,13
LL5050V,13
LL5055,10
LL5056BV,13
LL5063V,13
LL5064V,13
LL5070V,13
LL5074V,13
LL5089V,13
LL5097V,13
LL5100,10
LL5104V,13
LL5109V,13
LL5133V,13
LL5140,10
LL5140V,10
LL5177V,10
LL5188V,10
LL5208V,13
LL5213V,12
LL5214,10
LL5237V,10
LL5242S,10
LL5243V,12
LL5244V,10
LL5276,10
LL5283V,10
LL5285V,10
LL5287V,10
LL5290V,10
LL5292V,10
LL5293S,10
LL5294S,10
LL5295,10
LL5303V,12
LL5308V,10
LL5309V,10
LL5314S,10
LL5315S,10
LL5318V,10
LL5319V,10
LL5322,10
LL5327V,10
LL5335V,10
LL5338V,10
LL5339,10
LL5342V,10
LL5344,10
LL5349V,10
LL5350V,10
LL5356V,10
LL5357V,10
LL5359Z,18
LL5360Z,18
LL5361Z,18
LL5364V,10
LL5375,10
LL5380S,10
LL5387,10
LL5393V,10
LL5396V,10
LL5397V,10
LL5405A,13
LL5412,15
LL5433V,10
LL5434V,10
LL5436V,10
LL5437V,10
LL5438V,10
LL5439S,10
LL5445S,10
LL5450V,10
LL5452V,10
LL5453V,10
LL5454S,10
LL5454V,10
LL5459X,10
LL5460,10
LL5461V,10
LL5463V,10
LL5475V,10
LL5481,10
LL5484X,10
LL5486,10
LL5487,10
LL5488,10
LL5489V,12
LL5491V,12
LL5492V,12
LL5493,10
LL5494V,12
LL5496V,12
LL5500,10
LL5501,10
LL5505,44
LL5507,10
LL5508,10
LL5512S,10
LL5513S,10
LL6002V,13
LL6004V,13
LL6008AV,13
LL6008BV,13
LL6009V,10
LL6011V,12
LL6019V,13
LL6021V,10
LL6024V,13
LL6029V,13
LL6031V,13
LL6033V,13
LL6034V,13
LL6044V,13
LL6045V,13
LL6050V,13
LL6056BV,13
LL6063V,13
LL6064V,13
LL6070V,13
LL6074V,13
LL6089V,13
LL6097V,13
LL6100,10
LL6104V,13
LL6109V,13
LL6133V,13
LL6140V,10
LL6177V,13
LL6188V,10
LL6208V,13
LL6213V,12
LL6214,10
LL6237V,10
LL6243V,12
LL6244V,10
LL6276,10
LL6283V,10
LL6285V,10
LL6287V,10
LL6290V,10
LL6292V,10
LL6295,10
LL6303V,12
LL6308V,10
LL6309V,10
LL6318V,10
LL6319V,10
LL6322,10
LL6327V,10
LL6335V,10
LL6338V,10
LL6339,10
LL6342V,10
LL6344,10
LL6349V,10
LL6350V,10
LL6356V,10
LL6357V,10
LL6359Z,18
LL6360Z,18
LL6361Z,18
LL6364V,10
LL6375,10
LL6387,10
LL6393V,10
LL6405A,13
LL6412,15
LL6433V,10
LL6434V,10
LL6436V,10
LL6437V,10
LL6438V,10
LL6450V,10
LL6452V,10
LL6453V,10
LL6454V,10
LL6460,10
LL6461V,10
LL6463V,10
LL6475V,10
LL6481,10
LL6486,10
LL6487,10
LL6488,10
LL6489V,12
LL6491V,12
LL6492V,12
LL6493,10
LL6494V,12
LL6496V,12
LL6500,10
LL6501,10
LL6507,10
LL6508,10
LLD5002V,13
LLD5034V,13
LLD5140V,10
LLD5214,10
LLD5322,10
LLJ5002V,13
LLJ5004V,13
LLJ5008AV,13
LLJ5008BV,13
LLJ5009V,10
LLJ5011V,12
LLJ5019V,13
LLJ5021V,10
LLJ5024V,13
LLJ5029V,13
LLJ5031V,13
LLJ5033V,13
LLJ5034V,13
LLJ5044V,13
LLJ5045V,13
LLJ5050V,13
LLJ5056BV,13
LLJ5063V,13
LLJ5064V,13
LLJ5070V,13
LLJ5074V,13
LLJ5089V,13
LLJ5094AV,10
LLJ5094BV,10
LLJ5094CV,10
LLJ5094DV,10
LLJ5094EV,10
LLJ5094FV,10
LLJ5094GV,10
LLJ5094V,10
LLJ5097V,13
LLJ5100,10
LLJ5104V,13
LLJ5109V,13
LLJ5133V,13
LLJ5140V,10
LLJ5177V,10
LLJ5188V,10
LLJ5208V,13
LLJ5213V,12
LLJ5214,10
LLJ5237V,10
LLJ5243V,12
LLJ5244V,10
LLJ5276,10
LLJ5283V,10
LLJ5285V,10
LLJ5287V,10
LLJ5290V,10
LLJ5292V,10
LLJ5295,10
LLJ5303V,12
LLJ5308V,10
LLJ5309V,10
LLJ5318V,10
LLJ5319V,10
LLJ5322,10
LLJ5327V,10
LLJ5335V,10
LLJ5338V,10
LLJ5339,10
LLJ5342V,10
LLJ5344,10
LLJ5349V,10
LLJ5350V,10
LLJ5356V,10
LLJ5357V,10
LLJ5359Z,18
LLJ5360Z,18
LLJ5361Z,18
LLJ5364V,10
LLJ5367V,10
LLJ5375,10
LLJ5377V,10
LLJ5387,10
LLJ5393V,10
LLJ5405A,13
LLJ5412,15
LLJ5433V,10
LLJ5434V,10
LLJ5436V,10
LLJ5437V,10
LLJ5438V,10
LLJ5450V,10
LLJ5452V,10
LLJ5453V,10
LLJ5454V,10
LLJ5460,10
LLJ5461V,10
LLJ5463V,10
LLJ5475V,10
LLJ5481,10
LLJ5486,10
LLJ5487,10
LLJ5488,10
LLJ5489V,12
LLJ5491V,12
LLJ5492V,12
LLJ5493,10
LLJ5494V,12
LLJ5496V,12
LLJ5500,10
LLJ5501,10
LLJ5507,10
LLJ5508,10
LSE6101,100
LSM1111,10
LSM1301,9
LSM1303,9
LSM2105,10
LSM2106,10
LSM2107,10
LSM2191,10
LSM2212,10
LSM2233,10
LSM2234,10
LSM2241,10
LSM2251,10
LSM2252,9
LSM2254,9
LSM2288,10
LSM2288R,10
LSM2289,10
LSM2289R,10
LSM2291,9
LSM2302,10
LSM2310,40
LSM2312,40
LSM2313,40
LSM3201,10
LSM3210,10
LSM3211,9
LSM3212,10
LSM3214,10
LSM3215,10
LSM3216,10
LSM3217,10
LSM3219,10
LSM3220,9
LSM3222,10
LSM3223,9
LSM3225,10
LSM3226,9
LSM3227,10
LSM3228,10
LSM3231,9
LSM3232,9
LSM3233,11
LSM3234,10
LSM3235,10
LSM3236,10
LSM3241,10
LSM3242,9
LSM3243,10
LSM3244,10
LSM3245,10
LSM3246,10
LSM3247,10
LSM3252,9
LSM3254,10
LSM3255,10
LSM3256,9
LSM3257,10
LSM3258,9
LSM3259,9
LSM3260,10
LSM3265,10
LSM3266,10
LSM3267,10
LSM3272,10
LSM3288,10
LSM3288R,10
LSM3289,10
LSM3289R,10
LSM3310,40
LSM3311,40
LSM3312,40
LSM3313,40
LSM4199,20
LSM4210,10
LSM4213,10
LSM4214,10
LSM4215,10
LSM4216,10
LSM4217,10
LSM4218,10
LSM4220,10
LSM4221,10
LSM4222,10
LSM4223,10
LSM4225,10
LSM4226,10
LSM4227,10
LSM4228,10
LSM4229,10
LSM4231,10
LSM4232,10
LSM4234,10
LSM4236,10
LSM4241,10
LSM4242,10
LSM4243,10
LSM4245,10
LSM4251,10
LSM4252,10
LSM4254,10
LSM4255,10
LSM4256,10
LSM4257,10
LSM4259,10
LSM4260,10
LSM4261,10
LSM4262,10
LSM4263,10
LSM4264,10
LSM4266,10
LSM4267,10
LSM4268,10
LSM4288C,10
LSM4288E,10
LSM4288M,10
LSM4299,40
LSM4310,40
LSM4351,10
MA1100,10
MA1100T,10
MA1301,10
MA1301X,10
MA1312,10
MA1505,10
MA1508E,10
MA1511,10
MA1512,10
MA1513,10
MA1521,10
MA1522,10
MA2001,10
MA2002,10
MA2101,10
MA2101S,12
MA2104,10
MA2108,10
MA2108S,12
MA2116,10
MA2202,10
MA2202S,12
MA2213,10
MA2214,10
MA2288,10
MA2289,10
MA2301,10
MA2310,40
MA2311,10
MA2312U,40
MA2313,40
MA2401,10
MA3201,10
MA3205,10
MA3209,10
MA3210,10
MA3211,10
MA3211S,12
MA3220,10
MA3233,10
MA3236,10
MA3238,10
MA3252,10
MA3264,10
MA3265,10
MA3288,10
MA3289,10
MA3310,40
MA3311,40
MA3312,40
MA3313,40
MA4198,10
MA4199,30
MA4203,10
MA4207,10
MA4221,10
MA4229,10
MA4230,10
MA4235,10
MA4251,10
MA4254,10
MA4255,10
MA4260,10
MA4262,10
MA4263,10
MA4264,10
MA4268,10
MA4270,10
MA4271,10
MA4288D,10
MA4288O,10
MA4288P,10
MA4310,40
MA5198,10
MA5204,10
MA5205,10
MA5206,10
MA5208,10
MA5209,10
MA5211,10
MA5218,10
MA5220,10
MA5232,10
MA5233,10
MA5243,10
MA5248,10
MA5249,10
MA5250,10
MA5253,10
MA5259,10
MA5266,10
MA5270,10
MA5271,10
MA5295,20
MA5401,20
MA5402,20
MA6202,10
MA6206,10
MB5101,13
MB5102,10
MB5103,4
MB5104,10
MCI5001,10
MCI5006,10
MCI5009,125
MD1902,9
MD3140E,40
MDG5102,32
MDG5204,10
MDG5207,10
MDG5214,6
MDG5215,9
MDG5216,10
MDG5218,9
MDG5221,10
MDG5222,10
MDG5223,5
MDG5224,5
MDG5229,10
MDG5230,9
MDG5231,10
MDG5232,9
MDG5233,10
MDG5234,10
MDG5236,5
MDG5237,5
MDG5238,10
MDG5239,10
MDG5240,5
MDG5241,10
MDG5243,10
MDG5244,10
MDG5245,10
MDG5246,10
MDG5247,5
MDG5248,9
MDG5250,9
MDG5251,10
MDG5600,10
ME1102,10
ME2102,9
ME2104,10
ME2112,9
ME2114,9
ME2115,9
ME2121,9
ME2134,9
ME2135,10
ME2142,9
ME2162,10
ME3000,5
ME3001,5
ME3122,7
ME3163,10
ME3211,9
ME3221,9
ME3241,10
ME3242,9
ME3243,6
ME3252,10
ME3261,9
ME3263,9
ME3281,8
ME3291,10
ME4101,15
ME4101A,10
ME4101B,2
ME4102,10
ME4103,10
ME4105,10
ME4212,9
ME4223,10
ME4226,9
ME4227,10
ME4231,9
ME4232,10
ME4233,9
ME4241,10
ME4242,9
ME4245,9
ME4248,9
ME4252,10
ME4253,9
ME4255,9
ME4261,9
ME4262,9
ME4291,7
ME5001,10
ME5001A,10
ME5106,10
ME5107,9
ME5204,10
ME5205,0
ME5209,10
ME5300A,10
ME5304,9
ME5306,10
ME5309,9
ME5311,9
ME5361,10
ME5400A,10
ME5400B,10
ME5401,10
ME5402,10
ME5404,10
ME5405,9
ME5405A,10
ME5406,10
ME5408,10
ME5409,4
ME5410,10
ME5411,10
ME5412,10
ME5413,9
ME5414,10
ME5415,9
ME5416,10
ME5417,10
ME5418,10
ME5419,10
ME5420,10
ME5421,4
ME5422,10
ME5423,9
ME5513,10
ME5516,10
ME5517,10
ME5600A,10
ME5600B,10
ME5608,10
ME5612,10
ME5614A,4
ME5615A,4
ME5616,10
ME5666,10
ME5701,10
ME5888M,10
ME5888R,10
ME5999,0
ME6108,10
ME6204,9
ME6301,10
ME6303,11
ME6401,8
ME6504,10
ME6505,10
ME6509,10
ME6604,10
ME6999,0
MEM5101,10
MEM5102,10
MEM5103,10
MEM5104,9
MIC2000A,10
MIH1101,10
MIH1102,10
MIH2201,10
MKT1705A,10
MKT1705B,10
MKT1705C,10
MKT1705D,10
MKT1705E,10
MKT1705X,11
MKT2711,10
MKT2711A,10
MKT2711B,10
MKT3429,10
MKT3439,5
MKT3701A,12
MKT3701B,12
MKT3702,11
MKT3702A,11
MKT3702B,11
MKT3711,11
MKT3714,11
MKT3714A,11
MKT3714B,11
MKT3715,11
MKT3716,10
MKT3717,11
MKT3718,11
MKT3724,10
MKT3751,10
MKT3752,5
MKT4419,10
MKT4429,5
MKT4719,10
MKT4720,10
MKT4721,10
MKT4722,10
MKT4723,10
MKT4751,10
MKT4752,5
MKT4761A,10
MKT4761F,10
MKT4761H,10
MKT4761K,10
MKT4761L,10
MKT4811,11
MLE1001B,9
MLE2001A,10
MLE2101,9
MLE2102,9
MLE2103,6
MLE2103A,3
MLE2104,9
MLE2105,9
MLE2301,10
MLE3101,6
MLE3101A,7
MLE3102,9
MLE3103,8
MLE3104,9
MLE3111,9
MLE4101,15
MLE4101A,15
MLE4101B,10
MLE4102,10
MLE4102A,10
MLE4202,9
MLE4203,9
MLE4206,9
MLE4207,9
MLE4208,9
MLE4210,10
MLE4212,9
MLE4213,10
MLE4219,10
MLE4221,10
MLE4222,10
MLE4228,9
MLE5001,10
MLE5002,9
MLE5003,10
MLE5004,10
MLE5101,12
MLE5102,10
MLE5104,9
MLE5208,9
MLE5211,9
MLE5212,9
MLE5213,9
MLE5214,9
MLE5216,10
MLE5217,10
MLE5220,10
MLE5221,10
MLE5222,10
MLE5223,10
MLE5224,9
MLE5225,10
MLE5228,10
MLE5229,9
MLE5232,9
MLE5233,9
MLE5236,10
MLE5666,40
MLE6101,9
MLE6103,9
MLE6208,10
MNO1706A,10
MNO1706B,10
MNO1706C,10
MNO1706D,10
MNO1706E,10
MNO1706F,10
MNO1706X,10
MNO2705A,10
MNO2705B,10
MNO2705C,10
MNO2705D,10
MNO2705E,10
MNO2706,10
MNO3329,10
MNO3339,5
MNO3701,10
MNO3702,10
MNO3703,10
MNO3713,10
MNO3716,10
MNO3717,65
MNO3751,10
MNO3752,5
MNO3761A,10
MNO3811,10
MNO4319,10
MNO4329,5
MNO4712,10
MNO4715,10
MNO4717,10
MNO4751,10
MNO4752,5
MNO4761A,10
MNO4861C,10
MS1102E,10
MS2210,10
MS2211,10
MS2212,10
MS2213,10
MS2216,10
MS2217,10
MS2218,10
MS2219,10
MS2220,10
MS3209,10
MS3210,10
MS3211,10
MS3213,10
MS3214,10
MS3216,10
MS4101,10
MS4101HM,12
MS4204,10
MS4204HM,12
MS4208,10
MS4208HM,12
MS4401,20
MS4401HM,37
MS4660,10
MS4660HM,12
MS4880A,10
MS4880AHM,12
MS4880B,10
MS4880BHM,12
MS5101,10
MS5201,10
MS5660,10
MS6660,10
MS6770,10
MT5001,10
MT5006,10
MT5007,10
MT5007G,10
MT5008,10
MT5010,10
MT5011,10
MT5012,10
MT5020,10
MT5021,10
MT5022,10
MT5023,10
MT5024,10
MT5026,10
MT5027,10
MT5666,10
MT5766,20
MT5866,30
MT5900,10
MT5902,10
MT5911,10
MT5913,10
MT5920,10
MT5922,10
MT5966,30
MTM5001,15
MTM5002,10
MTM5004,10
MTM5005,10
MTM5101,30
MTM5101P,15
MUA1101,9
MUA1102,9
MUA1107,5
MUA1108,5
MUA1109,9
MUA1111,5
MUA1112,5
MUA1115,4
MUA1116,4
MUA1159,4
MUA1161,10
MUA1162,10
MUA1163,5
MUA1165,10
MUA1166,10
MUA1167,5
MUA1168,10
MUA1169,10
MUA1170,10
MUA1171,10
MUA1172,10
MUA1188,9
MUA1189,9
MUA1190,10
MUA1191,12
MUA1192,5
MUA1193,5
MUA1196,5
MUA1223,10
MUA1240,10
MUA2101,9
MUA2102,9
MUA2107,5
MUA2108,5
MUA2109,5
MUA2110,5
MUA2157,5
MUA2158,5
MUA2159,4
MUA2161,15
MUA2162,15
MUA2163,10
MUA2168,10
MUA2169,10
MUA2170,10
MUA2171,10
MUA2172,10
MUA2177,10
MUA2188,9
MUA2189,9
MUA2190,10
MUA2191,12
MUA2192,5
MUA2193,5
MUA2196,5
MUA2203,10
MUA2204,10
MUA2205,5
MUA2210,5
MUA2229,10
MUA2230,10
MUA2240,5
MUA2241,5
MUA2242,5
MUA2243,5
MUA2255A,4
MUA2255B,4
MUA2256A,4
MUA2256B,4
MUA2266,5
MUA2267,5
MUA3101,14
MUA3102,14
MUA3105,5
MUA3107,5
MUA3108,5
MUA3109,5
MUA3110,5
MUA3115,10
MUA3116,10
MUA3117,10
MUA3133,10
MUA3161,15
MUA3162,15
MUA3163,10
MUA3168,10
MUA3169,4
MUA3170,10
MUA3172,10
MUA3177,10
MUA3178,14
MUA3179,14
MUA3181,7
MUA3188,10
MUA3189,10
MUA3190,10
MUA3191,15
MUA3194,5
MUA3195,5
MUA3201,5
MUA3202,5
MUA3204,5
MUA3205,10
MUA3206,10
MUA3208,10
MUA3209,10
MUA3213,10
MUA3216,10
MUA3219,10
MUA3221,5
MUA3224,10
MUA3225,10
MUA3226,5
MUA3227,5
MUA3228,7
MUA3233,4
MUA3240,5
MUA3241,5
MUA3242,5
MUA3243,5
MUA3255A,4
MUA3255B,4
MUA3256A,4
MUA3256B,4
MUA3260,10
MUA3261,10
MUA3263,10
MUA3264,8
MUA3265,10
MUA3266,10
MUA3267,10
MUA3271,10
MUA4101,14
MUA4102,19
MUA4107,5
MUA4108,5
MUA4109,5
MUA4110,5
MUA4113,10
MUA4161,15
MUA4162,22
MUA4172,10
MUA4173,5
MUA4174,5
MUA4175,10
MUA4176,10
MUA4177,10
MUA4178,24
MUA4179,10
MUA4180,10
MUA4181,10
MUA4190,10
MUA4191,25
MUA4201,9
MUA4202,9
MUA4203,10
MUA4205,10
MUA4207,9
MUA4208,9
MUA4209,5
MUA4210,5
MUA4215,10
MUA4226,5
MUA4227,5
MUA4240,5
MUA4241,5
MUA4242,5
MUA4243,5
MUA4309,5
MUA4310,5
MUA4340,5
MUA4341,5
MUA4342,5
MUA4343,5
MUA4409,5
MUA4410,5
MUA4440,5
MUA4441,5
MUA4442,5
MUA4443,5
MUA4540,5
MUA4541,5
MUA4542,5
MUA4543,5
MUA5105,10
MUA5115,10
MUA5116,10
MUA5121,4
MUA5123,9
MUA5124,4
MUA5160,10
MUA5161,25
MUA5162,20
MUA5163,10
MUA5264,9
MUA6115,10
MUA6116,10
MUA6161,20
MUA6162,20
MUA6178,14
MUH1100,10
MUH1101,10
MUH2202,10
MUH2204,10
MUH3203,10
MUH3205,10
MUH5201,10
MUH5202,10
MUL2107,10
MUL2108,10
MUL2109,10
MUL2110,10
MUT1101,9
MUT1102,9
MUT1201,9
MUT2101,10
MUT2102,10
MUT3113,10
MUT3201,10
MUT3215,9
MUT3216,10
MUT3222,10
MUT3223,10
MUT3224,5
MUT4201,9
MUT5201,10
NEP3001,10
NEP3001A,10
NEP3001AS,10
NEX3001,130
NEX3002,10
NEX3002S,10
NEX3003,130
NEX3004,130
NEX3007,130
NEX3007S,130
NEX3008S,130
NEX3009,130
NEX3010S,130
NEX3011,130
NEX3012S,130
NEX3013,130
NEX3014,130
NG5001,10
NGN2001A,10
NGN2001B,10
NGN2001C,10
NGN2001D,10
NGN2001E,10
NGN2001F,10
NGN2001G,10
NGN2001H,10
NGN2001I,10
NGN2001J,10
NGN2001K,10
NGN2001L,10
NGT2001A,10
NGT2001B,10
NGT2001C,10
NGT2001D,10
NGT2001E,10
NGT2001F,10
NGT2001G,10
NGT2001H,10
NGT2001I,10
NGT2001J,10
NHS2017,10
NHS2030,10
NHS2043,10
NHS2047,10
NHS2050,10
NHS2051,10
NHS2053,10
NHS2055,10
NHS2056,10
NHS2057,10
NHS2059,10
NHS2060,10
NHS2061,10
NHS2062,10
NHS2063,10
NHS2064,10
NHS2065,10
NHS2067,10
NHS2068,10
NHS2069,10
NHS2071,10
NHS2072,10
NHS2073,10
NHS2074,10
NHS2075,10
NHS2076,10
NHS2077,10
NHS2078,10
NHS3001,10
NHS3911EC,10
NHS3911EL,10
NHS3911EN,10
NHS3911PS,10
NHS3911SC,10
NHS4001A,10
NHS4001B,10
NHS4001C,10
NHS4001D,10
NHS4002A,10
NHS4002B,10
NHS4911EN,10
NHS4911PS,10
NHS4912EN,10
NHS4912PH,10
NHT2205,10
NHT2206,10
NHT2207,10
NHT2208,10
NHT2209,10
NHT2210,10
NHT2211,10
NM1101E,10
NM1101X,10
NM2101,10
NM2103,10
NM2104,10
NM2207,10
NM2209,10
NM2219,10
NM2220,10
NM2223,10
NM3205,10
NM3211,10
NM3217,10
NM3219,10
NM3230,10
NM3241,10
NM3242,10
NM3243,10
NM3244,9
NM3245,10
NM3550C,40
NM3550Y,40
NM3551,10
NM3551R,10
NM4102,10
NM4102HM,12
NM4206,10
NM4206HM,12
NM4207,10
NM4207HM,12
NM4208,10
NM4208HM,12
NM4212,10
NM4212HM,12
NM4213,10
NM4213HM,12
NM4228,10
NM4228HM,12
NM4230,10
NM4230HM,12
NM4231,10
NM4231HM,12
NM4238,10
NM4238HM,12
NM4242,10
NM4242HM,12
NM4244,10
NM4244HM,12
NM4245,10
NM4245HM,12
NM4247,10
NM4247HM,12
NM4249,10
NM4249HM,12
NM4250,10
NM4250HM,12
NM4253,10
NM4253HM,12
NM4254,10
NM4254HM,12
NM4255,10
NM4255HM,12
NM4256,10
NM4256HM,12
NM4257,10
NM4257HM,12
NM4258,9
NM4258HM,12
NM4259,10
NM4259HM,12
NM4260,10
NM4260HM,12
NM4401,20
NM4401HM,37
NM4660,10
NM4660HM,12
NM4880H,10
NM4880HHM,12
NM5218,10
NM5218R,10
NM5219,10
NM5219R,10
NM5660,10
NM6101,10
NM6103,10
NM6104,10
NM6660,10
NM6770,10
NM6880,10
NMC5301,10
NMC5302,10
NMC5304,20
NMC5305,20
NMC5306,10
NMC5307,24
NMC5322,10
NMC5323,10
NMC5324,10
NMC5325,10
NMC5341,10
NMC5342,10
NMC5343,10
NMC5344,10
NMC5362,10
NMC5364,10
NMC5367,10
NMC5368,10
NPS2001A,10
NPS2001B,10
NPS2001C,10
NPS2001D,10
NPS2001E,10
NRM3301R,60
NRM3302R,60
NSS2001A,9
NSS2001B,9
NSS2001C,9
NSS2001D,9
NSS2001E,9
NSS2001F,9
NSS2001G,9
NSS2001H,9
NSS2001I,9
NSS2001J,9
NST2001,10
NST2002,10
NST2005,10
NST2006,10
NST2007,10
NST2008,10
NST2009,10
NST2014,10
NST2023,10
NST2026,10
NST2030,10
NST2036,10
NST2043,10
NST2044,10
NST2045,10
NST2047,10
NST2048,10
NST2050,10
NST2056,10
NSW2001A,10
NSW2001B,10
NSW2001C,10
NSW2001D,10
NSW2001E,10
NSW2001F,10
NSW2001G,10
NSW2001H,10
NSW2001I,10
NSW2001J,10
NSW2001K,10
NSW2001L,10
NTW2006,10
NTW2010,10
NTW2029,10
NTW2031,10
NTW2032,10
NTW2033,10
NTW2034,10
NTW2035,10
NTW2036,10
NTW2037,10
NTW2038,10
NUR1107B,80
NUR1108C,160
NUR1113A,10
NUR1114A,10
NUR1123,10
NUR1124,10
NUR1125,15
NUR1202C,80
NUR2106B,120
NUR2107B,240
NUR2113,10
NUR2120,10
NUR2124,5
NUR2125,15
NUR2203C,400
NUR2204C,10
NUR2441A,5
NUR2442,5
NUR2500,15
NUR2501,15
NUR2502,15
NUR2503,20
NUR3105B,160
NUR3105C,80
NUR3106B,200
NUR3114,7
NUR3116B,40
NUR3116C,440
NUR3117A,7
NUR3119,5
NUR3120,15
NUR3202C,10
NUR3204C,120
NUR3205C,40
NUR3205D,280
NUR3206C,400
NUR3500,15
NUR3501,20
NUR3502,15
NUR3503,15
NUR3504,15
NUR3505,20
NUR3506,15
NUR3507,20
NUR4101B,15
NUR4102B,400
NUR4103B,15
NUR4104B,35
NUR5002,10
NUR5003,10
NUR5013,10
NUR5609,20
NUR5610,20
NUR5613,20
NUR5701,4
NUR5702,4
NUR5703,4
NUR5704,4
NUR5711,4
NUR5712,5
NUR5713,4
NUR5714,4
NUR5801G,20
NUR5802G,20
NUR5803G,10
NUR5804G,10
NUR5805G,10
NUR5806G,10
NUR5807,10
NUR5808,20
NUR5811A,400
NUR5811B,160
NUR5811C,640
NUR6001,8
NUR6003,20
NUR6004,10
NUR6005,10
NUR6006,10
NUR6007,10
OT5001,10
OT5001A,10
OT5001B,10
OT5102,10
OT5301,10
OT5304,10
PC1101,9
PC1201,10
PC2020,10
PC2031,10
PC2032,10
PC2130,10
PC2130B,9
PC2135,10
PC2174A,10
PC2193,10
PC2239,10
PC2267,10
PC2288R,10
PC2289R,10
PC2310,40
PC2411,10
PC2412,10
PC2423,10
PC3130,10
PC3193,10
PC3231,10
PC3232,10
PC3233,10
PC3235,10
PC3235B,10
PC3236,10
PC3238,10
PC3239,10
PC3242,10
PC3243,10
PC3246,10
PC3247,10
PC3251,10
PC3261,10
PC3267,10
PC3274A,10
PC3288,10
PC3288A,10
PC3288N,10
PC3288Q,10
PC3288R,10
PC3289,10
PC3289A,10
PC3289N,10
PC3289Q,10
PC3289R,10
PC3294,10
PC3295,10
PC3310,40
PC3311,40
PC3312,40
PC3412,10
PC3413,10
PC4199R,20
PC4228,10
PC4230,10
PC4236,10
PC4240,10
PC4241,10
PC4243,10
PC4245,10
PC4248,10
PC4249,10
PC4253,10
PC4262,10
PC4267,10
PC4274,10
PC4274A,10
PC4310,40
PC5101,10
PC5102,11
PC5198,11
PC5201,10
PC5202,10
PC5203,10
PC5204,10
PC5204B,10
PC5205,10
PC5206,10
PC5210,9
PC5212,9
PC5213,10
PC5214,10
PC5215,10
PC5216,10
PC5218,10
PC5221,10
PC5228,10
PC5233,9
PC5251,10
PC5252,10
PC5253,10
PC5267,10
PC5271,6
PC5286,10
PC5287,10
PE2101P,10
PE3101P,10
PE3551P,10
PE3551S,10
PE4101E,10
PE4101EHM,12
PE4101P,10
PE4101PHM,12
PE4102E,10
PE4102EHM,12
PE4102P,10
PE4102PHM,12
PE4103S,10
PE4103SHM,12
PE4401E,20
PE4401EHM,37
PE4401P,20
PE4401PHM,37
PE4401S,20
PE4401SHM,37
PE4402E,37
PE4402P,37
PE4402S,37
PE4408E,20
PE4408P,20
PE4408S,20
PE4660P,10
PE4660PHM,12
PE4660S,10
PE4660SHM,12
PF1101,10
PF1103,10
PF1107,10
PF1108,10
PF2102,10
PF2103,10
PF2107,10
PF2108,6
PF2109,10
PF2110,10
PF2203,10
PF2205,10
PF2402,42
PF2504,10
PF2505,10
PF3104,11
PF3105,10
PF3201,10
PF3205,10
PF3207,10
PF3208,10
PF3209,13
PF3210,10
PF3211,10
PF3301,10
PF3305,10
PF3306,10
PF3307,10
PF3401,44
PF3502,10
PF3504,10
PF4101,0
PF4102,6
PF4203,10
PF4208,10
PF4209,10
PF4212,10
PF4213,10
PF4306,10
PF4309,10
PF4502,10
PH2114,10
PH2201,10
PH2207,10
PH2208,10
PH2209,10
PH2211,10
PH2212,10
PH2213,10
PH2222,10
PH2224,10
PH2241,10
PH2242,10
PH2301,10
PH3203,10
PH3207,10
PH3217,10
PH3218,10
PH3222,10
PH3230,10
PH3247,10
PH3252,10
PH3551,10
PH4201,10
PH4201HM,12
PH4203,10
PH4203HM,12
PH4206,10
PH4206HM,12
PH4207,10
PH4207HM,12
PH4210,10
PH4210HM,12
PH4213,10
PH4213HM,12
PH4217,10
PH4217HM,12
PH4262,10
PH4262HM,12
PH4401,20
PH4401HM,37
PH4550,10
PH4550HM,12
PH4660,10
PH4660HM,12
PH5423,10
PH5423R,10
PH5430,10
PH5510,10
PH5650,10
PH5660,10
PH6210,10
PH6540,10
PH6660,10
PH6760,10
PH6770,10
PHM5001,10
PHM5002,10
PHM5003,10
PHM5005,10
PHM5006,10
PHM5016,78
PHM5017,78
PHS1101,10
PHS2101,10
PHS2102,10
PHS2103,10
PHS2104,10
PHS2105,10
PHS2191,10
PHS2310,40
PHS2312,40
PHS2313,40
PHS3101,10
PHS3102,10
PHS3191,10
PHS3220,10
PHS3288,10
PHS3288R,10
PHS3289,10
PHS3289R,10
PHS3310,40
PHS3312,40
PHS3313,40
PHS4121,10
PHS4199,15
PHS4310,40
PL1101E,10
PL2131,10
PL2132,10
PL3102,10
PL3103,10
PL3104,10
PL3105,10
PL3106,10
PL3231,10
PL3238,10
PL3239,10
PL3248,10
PL3249,10
PL3257,10
PL3281,10
PL3281A,10
PL3281B,10
PL3281D,10
PL3281F,10
PL3281G,10
PL3282C,10
PL3282F,10
PL3283,10
PL3283A,10
PL3283C,10
PL3284,10
PL3287A,10
PL3551,10
PL3551R,10
PL4201,10
PL4201HM,12
PL4203,10
PL4203HM,12
PL4205,10
PL4205HM,12
PL4207,10
PL4207HM,12
PL4208,10
PL4208HM,12
PL4214,10
PL4214HM,12
PL4218,10
PL4218HM,12
PL4219,9
PL4219HM,12
PL4224,10
PL4224HM,12
PL4226,10
PL4226HM,12
PL4227,10
PL4227HM,12
PL4228,9
PL4228HM,12
PL4229,10
PL4229HM,12
PL4233,10
PL4233HM,12
PL4234,9
PL4234HM,12
PL4235,9
PL4235HM,12
PL4236,10
PL4236HM,12
PL4242,9
PL4242HM,12
PL4245,10
PL4245HM,12
PL4246,10
PL4246HM,12
PL4247,10
PL4247HM,12
PL4248,10
PL4248HM,12
PL4249,10
PL4249HM,12
PL4251,10
PL4251HM,12
PL4254,10
PL4254HM,12
PL4401,20
PL4401HM,37
PL4501,20
PL4501HM,37
PL4660,10
PL4660HM,12
PL4880F,10
PL4880FHM,12
PL4880G,9
PL4880GHM,12
PL4880K,10
PL4880KHM,12
PL4880L,10
PL4880LHM,12
PL4880P,10
PL4880PHM,12
PL4880R,10
PL4880RHM,12
PL4880T,10
PL4880THM,12
PL4880V,10
PL4880VHM,12
PL5221,10
PL5221R,10
PL5225,10
PL5225R,10
PL5304,10
PL5304R,10
PL5308,10
PL5308R,10
PL5660,10
PL6208,10
PL6215,10
PL6660,10
PL6770,10
PL6889,10
PLB1201,10
PLC5001,10
PLC5002,10
PLC5003,10
PLC5004,10
PLC5005,10
PLC5006,10
PLC5007,10
PLC5008,10
PLC5009,10
PLC5010,20
PLC5011A,0
PLC5012B,0
PLC5013C,0
PLS8001,15
PLS8002A,14
PLS8002B,14
PLS8003,15
PLS8004,15
PLS8005,9
PM5000,20
PM5101,10
PM5105,10
PM5106,10
PM5107,10
PM5111,10
PM5113,10
PM5114,10
PM5115,10
PM5117,10
PM5118,10
PP5103,10
PP5105,10
PP5136,14
PP5137,10
PP5165,10
PP5166,10
PP5168,10
PP5174,10
PP5179,13
PP5187,10
PP5192,10
PP5193,10
PP5196,10
PP5203,13
PP5212,10
PP5222,13
PP5226,0
PP5227,13
PP5231,10
PP5234,13
PP5269,10
PP5269M,10
PP5278,13
PP5288,13
PP5403,10
PP5406,13
PP5408,13
PP5409,10
PP5410,10
PP5504,13
PP5507,14
PP5509,10
PP5510,13
PP5511,10
PP5514,13
PP5516,13
PP5525,13
PP5527,13
PP5528,10
PP5529,10
PP5530,13
PP5531,10
PP5533,10
PP5534,10
PP5536,10
PP5537,10
PP5538,10
PP5539,10
PP5540,10
PP5541,10
PP5542,10
PP5543,10
PP5544,10
PP5545,10
PP5660,10
PP5706,10
PP5725,10
PP5728,10
PP5730,10
PP5731,10
PP5733,10
PP5734,20
PP5735,10
PP5736,10
PP5801,10
PP5802,10
PP5803,9
PP5804,10
PP5901,10
PP5903,10
PP5904,9
PP5905,13
PP5906,10
PP5908,10
PP5909,10
PP5910,10
PP5911,10
PP5912,10
PP6703,10
PP6704,10
PP6705,10
PP6706,10
PP6707,10
PP6708,10
PP6770M,10
PR1150,5
PR1152,15
PR1153,20
PR1154,15
PR2150,5
PR2151,5
PR2152,15
PR2153,15
PR2154,15
PR2155,15
PR2156,20
PR2288,10
PR2289,10
PR3150,5
PR3151,15
PR3152,15
PR3153,15
PR3154,15
PR3288,10
PR3289,10
PR3313,40
PR4138,5
PR4150,5
PR4151,10
PR4152,10
PR4191,7
PR4192,40
PR4193,40
PR4195,30
PR4198A,38
PR4204,10
PR4205,10
PR4207,10
PR5113,9
PR5130,6
PR5131,6
PR5131A,6
PR5132,6
PR5132A,6
PR5133,6
PR5134,11
PR5134A,6
PR5135,10
PR5136,12
PR5137,6
PR5150,80
PR5151,80
PR5152,80
PR5153,40
PR5154,40
PR5198,10
PR5211,10
PR5213,10
PR5214,10
PR5216,10
PR5217,10
PR5218,10
PR5219,10
PR5220,12
PR5224,12
PR5225,11
PR5230A,5
PR5234A,5
PR5238,53
PR5239,30
PR5250,80
PR5251,80
PR5252,80
PR5253,80
PR5299,40
PR5304,13
PR5399,40
PS1101E,10
PS2204,10
PS2237,10
PS2238,10
PS2240,10
PS2244,10
PS2249,10
PS2251,10
PS2255,10
PS2257,10
PS2258,10
PS3215,10
PS3225,10
PS3232,10
PS3236,10
PS3237,10
PS3240,10
PS3249,10
PS3251,10
PS3252,10
PS3257,10
PS3262,10
PS3265,10
PS3271,10
PS3273,10
PS3276,10
PS3311,10
PS3312,10
PS3550,0
PS3551,10
PS3880G,42
PS4201,10
PS4201HM,12
PS4203,10
PS4203HM,12
PS4209,10
PS4209HM,12
PS4218,10
PS4218HM,12
PS4219,10
PS4219HM,12
PS4220,10
PS4220HM,12
PS4229,10
PS4229HM,12
PS4230,10
PS4230HM,12
PS4234,10
PS4234HM,12
PS4237,10
PS4237HM,12
PS4308,10
PS4308HM,12
PS4311,10
PS4311HM,12
PS4401,20
PS4401HM,37
PS4660,10
PS4660HM,12
PS4881B,10
PS4881BHM,12
PS4881C,10
PS4881CHM,12
PS4881D,10
PS4881DHM,12
PS4881G,10
PS4881GHM,12
PS4882A,10
PS4882AHM,12
PS4882D,10
PS4882DHM,12
PS4882H,10
PS4882HHM,12
PS4883A,10
PS4883AHM,12
PS4884,10
PS4884HM,12
PS5111,10
PS5111R,0
PS5312,10
PS5314,10
PS5314R,10
PS5316,10
PS5316R,10
PS5506,10
PS5506R,10
PS5602,10
PS5602R,10
PS6603,32
PS6660,10
QF1100,10
QF2103,10
QF2104,10
QF2310,40
QF2312,40
QF2313,40
QF3101,10
QF3103,10
QF3310,40
QF3311,40
QF3312,40
QF3313,40
QF4102,10
QF4103,10
QF4199,30
QF4310,40
QF5201,10
QF5202,10
QF5202A,10
QF5203,10
QF5203A,10
QF5204,10
QF5205,10
QF5206,10
QF5206A,10
QF5207,10
QF5208,10
QF5209,10
QF5209A,10
QF5210,12
QF5211,10
QF5212,10
QF5212A,10
QF5213,10
QF5214,10
QF5311,10
QF5314,10
QF5315,10
QF5401,20
QT5101,10
QT5198,10
QT5201M,10
QT5201S,10
RE1701,10
RE1702,10
RE1703,10
RE1704,10
RE1705,10
RE1901,10
RE2701,10
RE2702,10
RE2704,10
RE2705,10
RE2706,10
RE2707,10
RE2708,10
RE2801,10
RE3000,40
RE3701,10
RE3702,10
RE3703,10
RE3704,10
RE3802,10
RE3803,10
RE3804,10
RE3805,10
RE3806,10
RE3807,10
RE3901,10
RE4701,10
RE4702,10
RE4711,20
RE4712,10
RE4801,10
RE4803,10
RE4804,10
RE4805,10
RE4806,10
RE4807,10
RE4808,10
RE5000,20
RE5001,10
RE5003,10
RE5004,10
RE5005,10
RE5006,10
RE5009,10
RE5011,10
RE5013,10
RE5014,10
RE5016,10
RE5017,10
RE5020,10
RE6004,0
RE6005,0
RE6007,0
RVC1000,14
RVC1001,10
RVC2000,10
RVN2000,10
RVN2001,10
RVN2002,10
RVSS1000,13
RVSS1001,13
RVSS1002,10
RVX1000,10
RVX1001,10
RVX1002,10
RVX1003,10
RVX1004,10
RVX1005,10
SA4101,14
SA4101C,14
SA4102,21
SA4102C,21
SA4105,14
SA4106,15
SA4107,30
SA4108,14
SA4110,14
SA4110C,14
SC1101E,10
SC2101,10
SC2202,10
SC2204,10
SC2205,10
SC2208,10
SC2209,10
SC2211,10
SC2212,10
SC2216,10
SC2217,10
SC2220,10
SC2222,10
SC2227,10
SC3101,10
SC3203,10
SC3205,10
SC3206,10
SC3208,10
SC3209,10
SC3211,10
SC3213,10
SC3216,10
SC3219,10
SC3221,10
SC3222,10
SC3225,10
SC3226,10
SC3227,10
SC3228,10
SC3230,10
SC3550,0
SC3551,10
SC4101,10
SC4101HM,12
SC4201,10
SC4201HM,12
SC4202,10
SC4202HM,12
SC4203,10
SC4203HM,12
SC4204,10
SC4204HM,12
SC4205,10
SC4205HM,12
SC4210,10
SC4210HM,12
SC4211,10
SC4211HM,12
SC4212,12
SC4212HM,12
SC4218,10
SC4218HM,12
SC4219,10
SC4219HM,12
SC4220,10
SC4220HM,12
SC4221,10
SC4221HM,12
SC4222,10
SC4222HM,12
SC4223,10
SC4223HM,12
SC4228,10
SC4228HM,12
SC4401,20
SC4401HM,37
SC4660,10
SC4660HM,12
SC4880C,10
SC4880CHM,12
SC4880D,10
SC4880DHM,12
SC4881,10
SC4881HM,12
SC4882,10
SC4882HM,12
SC5101,10
SC5102,10
SC5103,10
SC5103R,10
SC5205,10
SC5218,10
SC5218R,10
SC5223,10
SC5770,10
SC6102,10
SC6212,10
SC6224,10
SC6660,10
SC6770,10
SE1101E,10
SE2213,10
SE2214,10
SE2217,10
SE2218,10
SE2221,10
SE2224,10
SE2225,10
SE2230,10
SE3211,10
SE3214,10
SE3219,10
SE3224,10
SE3232,10
SE3233,10
SE4101,10
SE4101HM,12
SE4212,10
SE4212HM,12
SE4218,10
SE4218HM,12
SE4225,10
SE4225HM,12
SE4227,10
SE4227HM,12
SE4401,20
SE4401HM,37
SE4660,10
SE4660HM,12
SE5660,10
SE6660,10
SE6770,10
SEA5101,10
SEA5102,10
SEA5201,10
SEA5203,10
SEA5211,10
SEA5212,10
SEA5213,10
SEA5223,10
SEA5224,10
SEA5232,10
SEA5233,10
SEA5234,10
SEA5237,10
SEA5301B,0
SEA5302B,0
SEA5401,20
SEA5660,10
SFI2014,10
SFI2034,10
SFI2044,10
SFI2084,10
SH5001,10
SH5002,11
SH5003,11
SH5004,10
SH5005,10
SH5101,10
SH5102,10
SH5103,10
SH5104,10
SH5105,10
SH5106,10
SH5107,10
SH5110,10
SH5201,10
SH5202,10
SH5203,10
SH5204,10
SH5205,10
SH5206,10
SH5207,10
SH5208,10
SH5209,10
SH5401,10
SH5402,10
SH5403,10
SH5404,10
SH5405,10
SH5406,10
SH5407,10
SH5408,10
SH5409,10
SH5666,20
SH5880C,10
SLP5112,17
SN1101E,10
SN2213,10
SN2275,10
SN2278,10
SN2280,10
SN2285,10
SN3223,10
SN3262,10
SN3274,10
SN3282,10
SN4401,20
SN4401HM,37
SN4660,10
SN4660HM,10
SN5660,10
SN6660,10
SN6770,10
SP1230,10
SP1541,10
SP2201,22
SP2251,10
SP2271,10
SP2273,10
SP2274,10
SP2401,10
SP2402,10
SP3172,10
SP3176,10
SP3203,10
SP3275,10
SP3277,10
SPH1901,10
SPH1904,10
SPH2001,12
SPH2002,10
SPH2003,10
SPH2004,10
SPH2005,10
SPH2202,10
SPH2203,10
SPH2301,10
SPH2401,10
SPH2402,9
SPH2801,10
SPH3001,10
SPH3106,10
SPH3107,10
SPH3203,10
SPH3204,13
SPH3401,10
SPH3402,10
SPH3403,10
SPH3404,10
SPH3501,10
SPH5001,40
SPH5002,20
SPH5003,10
SPH5005,20
SPH5006,14
SPH5007,10
SPH5008,10
SPH5101,10
SPH5102,10
SPH5103,10
SPH5104,10
SPH5201,10
SPH5202,10
SPH5203,10
SPH5205,10
SPH5206,10
SPH5311,10
SPH5312,20
SPH5314,10
SPH5315,10
SPH5401,10
SPH5403,37
SPH5404,10
SPH5405,10
SPH5406,10
SPH5407,10
SPH5408,10
SPH5409,10
SPH5410,40
SPH5411,10
SPH5412,10
SPH5413,10
SPH5414,13
SPH5415,10
SPH5416,10
SPH5417,10
SPH5418,10
SPH5420,10
SPH5421,10
SPH5422,10
SPH5423,10
SPH5501,10
SPH5801,10
SPH5890A,0
SPH5890B,0
SPH5890C,0
SPH5890D,0
SPH5890E,0
SPH5890F,0
SPH5890G,0
SPH6001,10
SPH6002,10
SPH6004,10
SPH6007,10
SPH6008,10
SPH6201A,10
SPH6201B,10
SPH6201C,10
SPH6201E,10
SPH6201F,10
SPH6201G,10
SPH6770,9
ST1131,10
ST2131,10
ST2132,10
ST2137,10
ST2288,10
ST2289,10
ST2313,40
ST2334,10
ST3131,10
ST3232,10
ST3236,10
ST3239,10
ST3244,10
ST3246,10
ST3247,10
ST3248,10
ST3288,10
ST3289,10
ST3310,40
ST3311,40
ST3312,40
ST3313,40
ST4199,15
ST4231,10
ST4233,10
ST4234,10
ST4238,10
ST4245,10
ST4248,10
ST4250,10
ST4253,10
ST4288,20
ST4299,40
ST4310,40
ST5188,10
ST5198,10
ST5199,15
ST5201,10
ST5201X,10
ST5202,10
ST5202X,10
ST5203,10
ST5207,10
ST5209,10
ST5209X,10
ST5211,10
ST5211X,10
ST5212,10
ST5214,10
ST5215,10
ST5218,10
ST5221,10
ST5222,10
ST5223,10
ST5224,10
ST5225,10
ST5227,10
ST5229,10
STR1000,6
STR2000,4
SW1101E,10
SW2101,10
SW2104,10
SW2105,10
SW2106,10
SW3101,10
SW3103B,33
SW3103C,27
SW3104A,33
SW3104B,27
SW3105,10
SW3208,10
SW3209,10
SW3211,10
SW3217,10
SW3222,10
SW4102,9
SW4102HM,12
SW4103,9
SW4103HM,12
SW4201,9
SW4201HM,12
SW4202,9
SW4202HM,12
SW4209,9
SW4209HM,12
SW4221,9
SW4221HM,12
SW4223,10
SW4223HM,12
SW4224,9
SW4224HM,12
SW4225,9
SW4225HM,12
SW4227,9
SW4227HM,12
SW4228,9
SW4228HM,12
SW4229,9
SW4229HM,12
SW4230,10
SW4230HM,12
SW4401,20
SW4401HM,37
SW4660,10
SW4660HM,12
SW4880,9
SW4880HM,12
SW5660,10
SW6660,10
SW6770,10
SWD5102,10
SWD5103,10
SWD5104,10
SWD5105,10
SWD5120,43
SWD5300,10
SWD5880E,10
SWE5001,25
SWE5001G,25
SWE5002,21
SWE5002G,21
SWE5003,26
SWE5003G,26
SWE5004,19
SWE5004G,19
SWE5005,21
SWE5005G,21
SWE5006,26
SWE5006G,26
SWE5007,15
SWM5104,10
SWM5106,10
SWM5111,62
SWM5111A,64
SWM5111B,31
SWM5117A,9
SWM5117B,9
SWM5209,10
SWM5215,10
SWM5215R,10
SWM5216,10
SWM5217,10
SWM5245,10
SWM5660,10
SWM5881,10
SWM5884,10
TBA2101,10
TBA2102,10
TBA2103,10
TBA2104,10
TBA2105,10
TBA3102,10
TBA3222,10
TBA3241,10
TBA4204,10
TBA4220,13
TBA4230,10
TBA4250,10
TCE1109,10
TCE2112,9
TCE2134,10
TCE2155,9
TCE2183,9
TCE2184,10
TCE2407,10
TCE3100,10
TCE3115,10
TCE3116,10
TCE3121,9
TCE3132,10
TCE3155,9
TCE3165,9
TCE3166,10
TCE4103,10
TCE4104,20
TCE4282,10
TCE4408,10
TCE5107,10
TCE5510,10
TCE5611,10
TCN2116,8
TCN2121,8
TCN2122,8
TCN2125,8
TCN3121,8
TCN3124,8
TCN3132,8
TCN3135,7
TCN3421,9
TCN4119,20
TCN4122,7
TCN4124,15
TCN4205,0
TCN4210,9
TCN4211,9
TCN4215,9
TCN4233,0
TCN4240,9
TCN4242,0
TEE2003,0
TEE2011,10
TEE2023,10
TEE2026,10
TEE2027,10
TEE2028,10
TEE2033,9
TEE2101,9
TEE3031,10
TEE3131,10
TEE3501,9
TEE3506,10
TEE4001,15
TEE4101,8
TEE4204,9
TEE4407,9
TEE4436,9
TIC1001,10
TIC1002,10
TIC1101,10
TIC1201,10
TIC2001,10
TIC2002,10
TIC2003,10
TIC2101,10
TIC2301,10
TIC2401,10
TIC2501,10
TIC2601,10
TIC2701,10
TIC2901,10
TIC3001,10
TIC3002,10
TIC3301,10
TIC3302,10
TIC3901,15
TIC4003,10
TIC4004,10
TIC4301,10
TIC4302,10
TIC4303,10
TIC4304,10
TIC4305,10
TIC4901,10
TIC4902B,10
TIC4902C,10
TIC4902S,10
TIE2010,10
TIE2020,10
TIE2030,10
TIE2100,10
TIE2110,10
TIE2130,10
TIE2140,10
TIE3010,10
TIE3100,10
TIE3101,10
TIE3110,12
TIE4101,10
TIE4203,10
TIE4212,10
TIE4213,10
TIE4220,10
TIE4240,10
TIE4242,10
TIE4252,10
TMA1001,10
TMA2101,10
TMA2102,10
TMA2103,10
TME2115,9
TME2134,9
TME2135,9
TME2142,9
TME2143,9
TME2151,8
TME2162,10
TME3101,10
TME3122,8
TME3242,9
TME3251,9
TME3273,10
TME4102,10
TME4223,10
TME4262,9
TME4263,7
TME4264,9
TR3002N,10
TR3201N,20
TR3202I,42
TR3202N,42
TR3202S,42
TR3202T,42
TR3203E,20
TR3203I,20
TR3203N,20
TR3203P,20
TR3203T,20
TR3204S,10
TR3204T,10
TR3301,65
TR4049N,10
TR4049T,10
TR5049,30
TR5302,20
TRA2101,10
TRA3202,10
TRA3203,10
TRA3206,10
TS1101E,10
TS2232,10
TS2233,10
TS2236,10
TS2237,10
TS2239,10
TS2240,10
TS2243,10
TS3103,20
TS3222,10
TS3242,10
TS3243,10
TS3551,10
TS4216,10
TS4216HM,12
TS4220,10
TS4220HM,12
TS4401,20
TS4401HM,37
TS4660,10
TS4660HM,12
TS4880C,10
TS4880CHM,12
TS5101,10
TS5101R,10
TS5212,10
TS5212R,10
TS5660,10
TS6660,10
TS6770,10
TSC3100,30
TSC3222,10
TSC3223,10
TSC3224,10
TSC3226,10
TSC4101,30
TSC4225,10
TTG1401,9
TTG2401,9
TTG2415,9
TTG2901,10
TTG3001,15
TTG3002,15
UD5221,10
UD5601,20
UD5602,20
UD5625,10
UD5626,10
UD5628,9
UD5641,20
UTC1102B,10
UTC1102C,10
UTC1102D,10
UTC1102E,10
UTC1102G,10
UTC1102R,10
UTC1102S,10
UTC1115,13
UTC1119,10
UTC1120,14
UTC1123,10
UTC1402,10
UTC1403,10
UTC1404,10
UTC1409,10
UTC1416,10
UTC1417,10
UTC1419,10
UTC1420,10
UTC1702B,10
UTC1702D,10
UTC1702E,10
UTC1702F,10
UTC1702G,10
UTC2101,10
UTC2103,10
UTC2105,10
UTC2107,10
UTC2110,10
UTC2111,10
UTC2113,13
UTC2114,10
UTC2116,10
UTC2117,10
UTC2118,10
UTC2400,10
UTC2402,10
UTC2406,10
UTC2407,10
UTC2409,10
UTC2410B,10
UTC2411,10
UTC2412,10
UTC2414,10
UTC2415,10
UTC2416,10
UTC2417,10
UTC2418,10
UTC2419,10
UTC2420A,10
UTC2420B,10
UTC2501,40
UTC2700,10
UTC2703,10
UTC2704,10
UTC2714,10
UTC2717,10
UTC2718,10
UTC2722,10
UTC2723,10
UTC2724,10
UTC2725,10
UTC2726,9
UTC2728,10
UTC2729,10
UTC2730,10
UTC2731,10
UTC2732,10
UTC2733,10
UTC2734,10
UTC3102,10
UTC3103,5
UTC3400,10
UTC3401,10
UTOA2001EL,10
UTOA2001HY,10
UTOA2001JS,10
UTOA2001NM,10
UTOA2001PH,10
UTOA2001PL,10
UTOA2002EL,10
UTOA2002PL,10
UTOA2201EL,20
UTOA2201PL,20
UTOB2001AIS,10
UTOD2001,10
UTOD2002,10
UTOR2001B,10
UTOR2001C,10
UTOS2001,10
UTOS2001B,10
UTOS2001C,10
UTOS2001F,10
UTOS2001M,10
UTOS2001P,10
UTOS2001R,10
UTOS2001S,10
UTOS2002,10
UTOS2002B,10
UTOS2002C,10
UTOS2002F,10
UTOS2002M,10
UTOS2002P,10
UTOS2002R,10
UTOS2002S,10
UTOS2201,10
UTOS2201B,10
UTOS2201C,10
UTOS2201F,10
UTOS2201M,10
UTOS2201P,10
UTOS2201R,10
UTOS2201S,10
UTS2101,10
UTS2103,10
UTS2105,10
UTS2110,10
UTS2114,10
UTS2116,10
UTS2400,10
UTS2402,10
UTS2404,10
UTS2405,10
UTS2407,10
UTS2408,10
UTS2409,10
UTS2410,10
UTS2411,10
UTS2412,10
UTS2413,10
UTS2500,10
UTS2706,10
UTS2708,10
UTS2709,10
UTS2711,10
UTS2712,10
UTS2713,9
UTS2715,10
UTS2716,10
UTS2717,10
UTS2718,10
UTW1001A,10
UTW1001B,10
UTW1001C,10
UTW1001D,10
UTW1001G,10
UTW1001J,10
UTW1001K,10
UTW1001L,10
UTW1001O,10
UTW1001Q,10
UTW1001S,10
UTW1001T,10
VM5101,120
VM5102,120
VM5103,120
VM5104,120
VM5105,120
VM5106,120
XFA4401,37
XFA4402,37
XFA4403,37
XFA4405,20
XFA4405HM,37
XFA4406,37
XFA4408,37
XFA4413,30
XFA4417EC,20
XFB4002,0
XFC4101,15
XFC4102,15
XFE4401,0
XFS4199C,15
XFS4199M,20
XFS4199S,20
YCT3201,5
YHU2202,12
YHU2209,12
YHU2215,12
YHU2241,12
YHU2247,12
YHU2268,12
YHU2279,12
YHU2282,12
YHU2291,12
YHU2292,12
YHU2293,12
YHU2319,12
YHU2320,12
YHU2336,12
YHU2340,12
YHU2341,12
YHU3205,12
YHU3210,12
YHU3221,12
YHU3239,12
YHU3254,12
YHU3265,12
YHU3272,12
YHU3274,12
YHU3283,12
YHU3294,12
YHU3317,12
YHU3339,12
YHU3345,12
YHU3365,12
YHU3370,12
YHU3377,12
YHU3382,12
YHU3385,12
YHU3386,12
YHU3388,12
YHU3389,12
YHU3390,12
YHU3391,12
YHU3392,12
YHU3393,12
YHU3394,12
YHU3395,12
YHU3396,11
YHU4101,12
YHU4102,12
YHU4103,12
YHU4103A,12
YHU4104,12
YHU4206,12
YHU4207,12
YHU4216,12
YHU4217,12
YHU4218,12
YHU4225,11
YHU4231,12
YHU4237,12
YHU4238,12
YHU4243,12
YHU4244,12
YHU4245,12
YHU4249,12
YHU4257,12
YHU4261,12
YHU4268,12
YHU4272,12
YHU4273,12
YHU4274,12
YHU4275,12
YHU4276,12
YHU4277,12
YID1201,12
YID2201,12
YID2207,12
YID2212,12
YID2213,5
YID2214,12
YID2215,12
YID3211,12
YID3221,12
YID3224,12
YID3227,12
YID3228,12
YID3229,12
YID3230,12
YID3232,5
YID3233,12
YID3234,12
YID3235,6
YID4101,12
YID4202,12
YIR3301,6
YIR3301G,6
YIR3302,6
YIR3302G,6
YIR3303,6
YIR3303G,6
YIR3304,6
YIR3304G,6
YIR3305,6
YIR3305G,6
YIR3306,6
YIR3306G,6
YIR3307,6
YIR3307G,6
YIR3308,6
YIR3308G,6
YIR3309,6
YIR3309G,6
YIR3310,6
YIR3310G,6
YIR3311,5
YIR3311G,5
YIR3312,5
YIR3312G,5
YIR3313,5
YIR3313G,5
YIR3314,6
YIR3314G,6
YIR3315,6
YIR3315G,6
YIR3316,6
YIR3316G,6
YIR3317,6
YIR3317G,6
YIR3318,6
YIR3318G,6
YIR3319,6
YIR3319G,6
YIR3401G,6
YIR3402,6
YIR3402G,6
YIR4301,12
YIR4301G,12
YIR4302,12
YIR4302G,12
YIR4303,12
YIR4303G,12
YIR4304G,12
YIR4305G,12
YIR4306G,12
YIR4307G,12
YLC1201,10
YLC2202,12
YLC3203,12
YLC3204,12
YLN1201,6
YLS1201,12
YSC1212,12
YSC1216,12
YSC1218,12
YSC2205,11
YSC2209,12
YSC2210,12
YSC2216,12
YSC2221,7
YSC2222,12
YSC2224,12
YSC2227,9
YSC2229,12
YSC2231,12
YSC2232,12
YSC2235,12
YSC2236,12
YSC2239,12
YSC2243,11
YSC2244,12
YSC2254,12
YSC2259,12
YSC3206,12
YSC3210,12
YSC3214,12
YSC3215,12
YSC3217,12
YSC3224,12
YSC3232,12
YSC3236,12
YSC3237,12
YSC3246,12
YSC3249,11
YSC3251,12
YSC3253,12
YSC3260,12
YSC3263,12
YSC3264,12
YSC3265,12
YSC3266,12
YSC4101,12
YSC4102,12
YSC4103,12
YSC4206,12
YSC4209,6
YSC4210,12
YSC4211F,12
YSC4216,12
YSC4219,12
YSC4220,12
YSC4224,12
YSC4225,12
YSC4230,12
YSC4231,12
YSC4233,12
YSC4234,12
YSC4237,12
YSC4238,12
YSC4239,5
YSC4240,12
YSC4241,12
YSC4242,12
YSS1206,12
YSS2203,12
YSS2211,12
YSS2212,12
YSS2214,12
YSS2218,12
YSS2220,12
YSS2223,12
YSS2227,12
YSS2231,12
YSS2233,12
YSS2234,12
YSS2240,12
YSS2245,12
YSS2248,12
YSS2253,12
YSS2254,12
YSS3202,12
YSS3203,12
YSS3204,12
YSS3207,12
YSS3212,12
YSS3214,12
YSS3215,12
YSS3217,12
YSS3219,12
YSS3220,12
YSS3222,12
YSS3224,12
YSS3231,13
YSS3235,12
YSS3243,12
YSS3244,12
YSS3245,12
YSS3246,12
YSS3248,12
YSS3249,12
YSS3253,12
YSS3255,12
YSS3258,12
YSS3262,12
YSS3264,12
YSS3268,12
YSS3273,12
YSS3274,12
YSS3275,12
YSS3277,12
YSS3282,12
YSS3291,12
YSS3297,12
YSS3303,12
YSS3306,12
YSS3307,12
YSS3310,12
YSS3311,12
YSS3314,12
YSS3315,12
YSS3322,12
YSS3328,12
YSS3331,12
YSS3332,12
YSS3333,12
YSS3334,12
YSS3336,12
YSS3339,12
YSS3340,12
YSS3343,12
YSS3347,12
YSS3351,12
YSS3352,12
YSS3353,11
YSS3354,12
YSS3355,12
YSS3356,12
YSS3358,12
YSS3359,12
YSS3360,12
YSS3361,12
YSS3362,12
YSS4101,12
YSS4102,12
YSS4103,12
YSS4104,12
YSS4105,12
YSS4106,12
YSS4107,12
YSS4205,12
YSS4211,12
YSS4213,12
YSS4220,12
YSS4224,12
YSS4226,12
YSS4234,12
YSS4235,12
YSS4236,12
YSS4241,12
YSS4245,12
YSS4246,12
YSS4258,12
YSS4263,12
YSS4268,12
YSS4273,12
YSS4274,12
YSS4275,12
YSS4276,12
YSS4277,12
YSS4278,12
YSS4280,12
YSS4281,12
YSS4283,12
YSS4284,12
YSS4285,12
YSS4286,12
YSS4287,12
YSS4288,12
YSS4289,12
YSS4290,11
YSS4291,12
YSS4292,12
YSS4293,12
ZB3288,10
ZB3289,10
ZB3310,40
ZB3311,40
ZB3312,40
ZB4171,10
ZB4199,15
ZB4299,40
